SKBO;SEQM;11:34;20:38;544
SEQM;SKBO;04:29;13:32;543
SKBO;SEQM;23:34;08:37;543
SEQM;SKBO;16:29;01:36;547
SKBO;SVMI;05:05;14:06;541
SVMI;SKBO;01:27;10:38;551
SKBO;SVMI;17:05;02:15;550
SVMI;SKBO;13:27;22:29;542
SKBO;SBBR;00:51;11:54;663
SBBR;SKBO;00:02;11:09;667
SKBO;SBBR;12:51;23:58;667
SBBR;SKBO;12:02;23:08;666
SKBO;SPIM;02:35;11:46;551
SPIM;SKBO;11:06;20:09;543
SKBO;SPIM;14:35;23:44;549
SPIM;SKBO;23:06;08:13;547
SKBO;SLLP;07:55;17:01;546
SLLP;SKBO;06:23;16:25;602
SKBO;SLLP;19:55;05:58;603
SLLP;SKBO;18:23;04:26;603
SKBO;SCEL;09:31;20:33;662
SCEL;SKBO;05:28;16:42;674
SKBO;SCEL;21:31;08:38;667
SCEL;SKBO;17:28;04:40;672
SKBO;SABE;07:23;18:36;673
SABE;SKBO;09:49;20:50;661
SKBO;SABE;19:23;06:28;665
SABE;SKBO;21:49;08:54;665
SKBO;SGAS;00:46;10:50;604
SGAS;SKBO;04:02;14:15;613
SKBO;SGAS;12:46;22:57;611
SGAS;SKBO;16:02;02:02;600
SKBO;SUAA;01:10;11:16;606
SUAA;SKBO;06:06;16:09;603
SKBO;SUAA;09:10;19:18;608
SUAA;SKBO;14:06;00:15;609
SKBO;SUAA;17:10;03:18;608
SUAA;SKBO;22:06;08:15;609
SKBO;LATI;00:20;22:31;1331
LATI;SKBO;10:56;08:09;1273
SKBO;LATI;12:20;10:29;1329
LATI;SKBO;22:56;20:05;1269
SKBO;EDDI;07:17;04:29;1272
EDDI;SKBO;10:38;07:47;1269
SKBO;EDDI;19:17;16:28;1271
EDDI;SKBO;22:38;19:41;1263
SKBO;LOWW;07:18;04:30;1272
LOWW;SKBO;00:30;21:41;1271
SKBO;LOWW;19:18;16:26;1268
LOWW;SKBO;12:30;09:36;1266
SKBO;EBCI;05:44;02:53;1269
EBCI;SKBO;04:30;01:32;1262
SKBO;EBCI;17:44;14:47;1263
EBCI;SKBO;16:30;13:42;1272
SKBO;UMMS;10:30;08:35;1325
UMMS;SKBO;05:36;03:38;1322
SKBO;UMMS;22:30;20:30;1320
UMMS;SKBO;17:36;15:40;1324
SKBO;LBSF;04:50;02:54;1324
LBSF;SKBO;10:21;08:22;1321
SKBO;LBSF;16:50;14:00;1270
LBSF;SKBO;22:21;20:33;1332
SKBO;LKPR;07:57;05:00;1263
LKPR;SKBO;01:47;23:50;1323
SKBO;LKPR;15:57;13:02;1265
LKPR;SKBO;09:47;07:01;1274
SKBO;LKPR;23:57;21:01;1264
LKPR;SKBO;17:47;15:55;1328
SKBO;LDZA;00:02;22:12;1330
LDZA;SKBO;10:26;08:29;1323
SKBO;LDZA;12:02;10:10;1328
LDZA;SKBO;22:26;20:26;1320
SKBO;EKCH;02:35;23:44;1269
EKCH;SKBO;02:59;23:01;1202
SKBO;EKCH;10:35;07:43;1268
EKCH;SKBO;10:59;07:02;1203
SKBO;EKCH;18:35;15:45;1270
EKCH;SKBO;18:59;15:05;1206
SKBO;LZIB;02:31;00:41;1330
LZIB;SKBO;08:14;06:20;1326
SKBO;LZIB;14:31;12:37;1326
LZIB;SKBO;20:14;18:17;1323
SKBO;LJLJ;04:04;02:12;1328
LJLJ;SKBO;01:54;23:58;1324
SKBO;LJLJ;12:04;10:07;1323
LJLJ;SKBO;09:54;07:02;1268
SKBO;LJLJ;20:04;18:04;1320
LJLJ;SKBO;17:54;15:02;1268
SKBO;LEMD;11:08;08:21;1273
LEMD;SKBO;01:48;22:50;1262
SKBO;LEMD;23:08;20:14;1266
LEMD;SKBO;13:48;10:48;1260
SKBO;EETN;01:34;23:39;1325
EETN;SKBO;05:56;03:02;1266
SKBO;EETN;13:34;11:39;1325
EETN;SKBO;17:56;15:10;1274
SKBO;EFHK;08:58;05:11;1213
EFHK;SKBO;03:44;00:53;1269
SKBO;EFHK;20:58;17:12;1214
EFHK;SKBO;15:44;12:48;1264
SKBO;LFPG;03:25;00:38;1273
LFPG;SKBO;09:03;06:15;1272
SKBO;LFPG;15:25;12:29;1264
LFPG;SKBO;21:03;18:11;1268
SKBO;LGAV;00:18;21:29;1271
LGAV;SKBO;06:00;03:08;1268
SKBO;LGAV;12:18;09:29;1271
LGAV;SKBO;18:00;15:14;1274
SKBO;EHAM;01:37;22:50;1273
EHAM;SKBO;00:42;21:49;1267
SKBO;EHAM;09:37;06:45;1268
EHAM;SKBO;08:42;05:56;1274
SKBO;EHAM;17:37;14:47;1270
EHAM;SKBO;16:42;13:44;1262
SKBO;LHBP;11:15;09:21;1326
LHBP;SKBO;04:16;02:18;1322
SKBO;LHBP;23:15;21:24;1329
LHBP;SKBO;16:16;14:18;1322
SKBO;EIDW;00:26;20:31;1205
EIDW;SKBO;10:26;06:34;1208
SKBO;EIDW;12:26;08:30;1204
EIDW;SKBO;22:26;18:38;1212
SKBO;BIKF;00:41;22:47;1326
BIKF;SKBO;06:02;04:03;1321
SKBO;BIKF;12:41;10:55;1334
BIKF;SKBO;18:02;16:04;1322
SKBO;LIRA;04:29;01:34;1265
LIRA;SKBO;03:32;00:37;1265
SKBO;LIRA;12:29;09:32;1263
LIRA;SKBO;11:32;08:36;1264
SKBO;LIRA;20:29;17:40;1271
LIRA;SKBO;19:32;16:35;1263
SKBO;EVRA;09:15;07:25;1330
EVRA;SKBO;07:22;05:24;1322
SKBO;EVRA;21:15;19:25;1330
EVRA;SKBO;19:22;17:35;1333
SKBO;ELLX;09:57;06:11;1214
ELLX;SKBO;04:32;01:41;1269
SKBO;ELLX;21:57;18:08;1211
ELLX;SKBO;16:32;13:46;1274
SKBO;LMML;01:28;22:38;1270
LMML;SKBO;04:05;01:19;1274
SKBO;LMML;09:28;06:32;1264
LMML;SKBO;12:05;09:06;1261
SKBO;LMML;17:28;14:30;1262
LMML;SKBO;20:05;17:15;1270
SKBO;ENGM;10:33;07:37;1264
ENGM;SKBO;11:03;08:04;1261
SKBO;ENGM;22:33;19:40;1267
ENGM;SKBO;23:03;20:07;1264
SKBO;EPMO;01:06;23:11;1325
EPMO;SKBO;01:13;23:25;1332
SKBO;EPMO;13:06;11:07;1321
EPMO;SKBO;13:13;11:24;1331
SKBO;LPPT;08:22;06:31;1329
LPPT;SKBO;11:54;09:55;1321
SKBO;LPPT;20:22;18:33;1331
LPPT;SKBO;23:54;21:55;1321
SKBO;EGLL;07:53;05:06;1273
EGLL;SKBO;03:45;01:57;1332
SKBO;EGLL;15:53;13:01;1268
EGLL;SKBO;11:45;09:47;1322
SKBO;EGLL;23:53;21:58;1325
EGLL;SKBO;19:45;17:53;1328
SKBO;ESKN;01:58;22:59;1261
ESKN;SKBO;06:22;03:26;1264
SKBO;ESKN;13:58;10:04;1206
ESKN;SKBO;18:22;15:24;1262
SKBO;LSZB;01:15;22:26;1271
LSZB;SKBO;02:13;23:27;1274
SKBO;LSZB;13:15;10:29;1274
LSZB;SKBO;14:13;11:25;1272
SEQM;SVMI;09:44;18:49;545
SVMI;SEQM;06:50;15:59;549
SEQM;SVMI;21:44;06:45;541
SVMI;SEQM;18:50;03:53;543
SEQM;SBBR;06:08;17:13;665
SBBR;SEQM;02:07;13:10;663
SEQM;SBBR;14:08;01:19;671
SBBR;SEQM;10:07;21:09;662
SEQM;SBBR;22:08;09:18;670
SBBR;SEQM;18:07;05:09;662
SEQM;SPIM;02:24;11:36;552
SPIM;SEQM;06:14;15:28;554
SEQM;SPIM;14:24;23:37;553
SPIM;SEQM;18:14;03:19;545
SEQM;SLLP;01:18;11:23;605
SLLP;SEQM;01:13;11:21;608
SEQM;SLLP;09:18;19:31;613
SLLP;SEQM;09:13;19:15;602
SEQM;SLLP;17:18;03:23;605
SLLP;SEQM;17:13;03:25;612
SEQM;SCEL;05:07;16:09;662
SCEL;SEQM;02:19;13:19;660
SEQM;SCEL;13:07;00:20;673
SCEL;SEQM;10:19;21:23;664
SEQM;SCEL;21:07;08:20;673
SCEL;SEQM;18:19;05:21;662
SEQM;SABE;09:43;20:51;668
SABE;SEQM;00:45;11:45;660
SEQM;SABE;21:43;08:54;671
SABE;SEQM;12:45;23:47;662
SEQM;SGAS;02:26;12:28;602
SGAS;SEQM;08:40;18:45;605
SEQM;SGAS;14:26;00:29;603
SGAS;SEQM;20:40;06:54;614
SEQM;SUAA;10:55;20:00;545
SUAA;SEQM;05:31;15:42;611
SEQM;SUAA;22:55;08:57;602
SUAA;SEQM;17:31;03:41;610
SEQM;LATI;08:14;06:28;1334
LATI;SEQM;07:24;05:34;1330
SEQM;LATI;20:14;18:25;1331
LATI;SEQM;19:24;17:28;1324
SEQM;EDDI;10:31;07:34;1263
EDDI;SEQM;02:58;23:59;1261
SEQM;EDDI;22:31;19:45;1274
EDDI;SEQM;14:58;11:11;1213
SEQM;LOWW;11:52;08:02;1210
LOWW;SEQM;04:27;01:33;1266
SEQM;LOWW;23:52;20:02;1210
LOWW;SEQM;16:27;13:29;1262
SEQM;EBCI;11:36;08:39;1263
EBCI;SEQM;11:43;08:52;1269
SEQM;EBCI;23:36;20:45;1269
EBCI;SEQM;23:43;20:50;1267
SEQM;UMMS;05:07;03:07;1320
UMMS;SEQM;01:14;23:21;1327
SEQM;UMMS;13:07;11:11;1324
UMMS;SEQM;09:14;07:22;1328
SEQM;UMMS;21:07;19:20;1333
UMMS;SEQM;17:14;15:19;1325
SEQM;LBSF;10:03;08:04;1321
LBSF;SEQM;08:17;06:27;1330
SEQM;LBSF;22:03;20:08;1325
LBSF;SEQM;20:17;18:21;1324
SEQM;LKPR;10:16;08:17;1321
LKPR;SEQM;02:46;00:52;1326
SEQM;LKPR;22:16;20:22;1326
LKPR;SEQM;14:46;12:48;1322
SEQM;LDZA;04:30;02:43;1333
LDZA;SEQM;08:08;06:13;1325
SEQM;LDZA;16:30;14:31;1321
LDZA;SEQM;20:08;18:10;1322
SEQM;EKCH;00:13;21:23;1270
EKCH;SEQM;10:58;07:00;1202
SEQM;EKCH;12:13;09:15;1262
EKCH;SEQM;22:58;19:58;1260
SEQM;LZIB;07:23;05:37;1334
LZIB;SEQM;04:37;02:49;1332
SEQM;LZIB;19:23;17:31;1328
LZIB;SEQM;16:37;14:45;1328
SEQM;LJLJ;01:50;23:53;1323
LJLJ;SEQM;04:48;02:57;1329
SEQM;LJLJ;09:50;07:00;1270
LJLJ;SEQM;12:48;10:48;1320
SEQM;LJLJ;17:50;15:51;1321
LJLJ;SEQM;20:48;18:57;1329
SEQM;LEMD;04:12;01:22;1270
LEMD;SEQM;10:43;07:49;1266
SEQM;LEMD;16:12;13:23;1271
LEMD;SEQM;22:43;19:49;1266
SEQM;EETN;06:37;04:41;1324
EETN;SEQM;09:51;07:57;1326
SEQM;EETN;18:37;16:48;1331
EETN;SEQM;21:51;19:53;1322
SEQM;EFHK;08:57;05:08;1211
EFHK;SEQM;00:05;21:08;1263
SEQM;EFHK;20:57;17:06;1209
EFHK;SEQM;12:05;09:09;1264
SEQM;LFPG;07:52;04:00;1208
LFPG;SEQM;00:35;21:47;1272
SEQM;LFPG;19:52;16:06;1214
LFPG;SEQM;12:35;09:39;1264
SEQM;LGAV;04:37;01:45;1268
LGAV;SEQM;05:32;02:44;1272
SEQM;LGAV;16:37;13:45;1268
LGAV;SEQM;17:32;14:43;1271
SEQM;EHAM;11:48;08:51;1263
EHAM;SEQM;07:38;04:40;1262
SEQM;EHAM;23:48;20:57;1269
EHAM;SEQM;19:38;16:39;1261
SEQM;LHBP;03:39;01:44;1325
LHBP;SEQM;05:41;03:47;1326
SEQM;LHBP;15:39;13:53;1334
LHBP;SEQM;17:41;15:51;1330
SEQM;EIDW;02:58;22:11;1153
EIDW;SEQM;07:21;03:35;1214
SEQM;EIDW;10:58;06:00;1142
EIDW;SEQM;15:21;11:35;1214
SEQM;EIDW;18:58;14:04;1146
EIDW;SEQM;23:21;19:34;1213
SEQM;BIKF;01:02;23:02;1320
BIKF;SEQM;04:41;02:54;1333
SEQM;BIKF;09:02;07:08;1326
BIKF;SEQM;12:41;10:51;1330
SEQM;BIKF;17:02;15:02;1320
BIKF;SEQM;20:41;18:43;1322
SEQM;LIRA;11:37;08:49;1272
LIRA;SEQM;00:38;21:46;1268
SEQM;LIRA;23:37;20:43;1266
LIRA;SEQM;12:38;09:51;1273
SEQM;EVRA;01:35;23:45;1330
EVRA;SEQM;08:38;06:50;1332
SEQM;EVRA;13:35;11:42;1327
EVRA;SEQM;20:38;18:40;1322
SEQM;ELLX;01:11;22:16;1265
ELLX;SEQM;00:28;21:38;1270
SEQM;ELLX;09:11;06:23;1272
ELLX;SEQM;08:28;05:37;1269
SEQM;ELLX;17:11;14:21;1270
ELLX;SEQM;16:28;13:38;1270
SEQM;LMML;06:51;03:59;1268
LMML;SEQM;04:24;01:29;1265
SEQM;LMML;18:51;15:05;1214
LMML;SEQM;16:24;13:26;1262
SEQM;ENGM;04:01;01:01;1260
ENGM;SEQM;03:49;00:02;1213
SEQM;ENGM;16:01;13:13;1272
ENGM;SEQM;15:49;12:01;1212
SEQM;EPMO;00:01;22:07;1326
EPMO;SEQM;07:47;05:01;1274
SEQM;EPMO;12:01;10:11;1330
EPMO;SEQM;19:47;17:50;1323
SEQM;LPPT;01:17;23:25;1328
LPPT;SEQM;07:43;05:50;1327
SEQM;LPPT;09:17;07:26;1329
LPPT;SEQM;15:43;13:49;1326
SEQM;LPPT;17:17;15:24;1327
LPPT;SEQM;23:43;21:52;1329
SEQM;EGLL;04:07;02:13;1326
EGLL;SEQM;04:55;02:58;1323
SEQM;EGLL;16:07;14:17;1330
EGLL;SEQM;16:55;14:57;1322
SEQM;ESKN;00:23;21:29;1266
ESKN;SEQM;05:43;02:51;1268
SEQM;ESKN;12:23;09:33;1270
ESKN;SEQM;17:43;14:44;1261
SEQM;LSZB;00:44;21:47;1263
LSZB;SEQM;06:59;03:00;1201
SEQM;LSZB;08:44;05:58;1274
LSZB;SEQM;14:59;11:02;1203
SEQM;LSZB;16:44;13:51;1267
LSZB;SEQM;22:59;19:59;1260
SVMI;SBBR;07:39;18:47;668
SBBR;SVMI;03:22;14:34;672
SVMI;SBBR;19:39;06:48;669
SBBR;SVMI;15:22;02:35;673
SVMI;SPIM;00:53;09:55;542
SPIM;SVMI;03:05;12:16;551
SVMI;SPIM;08:53;17:56;543
SPIM;SVMI;11:05;20:19;554
SVMI;SPIM;16:53;01:00;487
SPIM;SVMI;19:05;04:19;554
SVMI;SLLP;01:44;11:54;610
SLLP;SVMI;01:00;11:08;608
SVMI;SLLP;09:44;19:57;613
SLLP;SVMI;09:00;19:00;600
SVMI;SLLP;17:44;03:45;601
SLLP;SVMI;17:00;03:03;603
SVMI;SCEL;04:32;15:35;663
SCEL;SVMI;07:10;18:16;666
SVMI;SCEL;16:32;03:35;663
SCEL;SVMI;19:10;06:18;668
SVMI;SABE;08:29;19:42;673
SABE;SVMI;11:45;22:48;663
SVMI;SABE;20:29;07:41;672
SABE;SVMI;23:45;10:48;663
SVMI;SGAS;01:29;11:30;601
SGAS;SVMI;03:09;13:22;613
SVMI;SGAS;13:29;23:31;602
SGAS;SVMI;15:09;01:17;608
SVMI;SUAA;05:18;15:19;601
SUAA;SVMI;02:08;12:08;600
SVMI;SUAA;17:18;03:32;614
SUAA;SVMI;14:08;00:11;603
SVMI;LATI;00:28;22:36;1328
LATI;SVMI;07:36;05:41;1325
SVMI;LATI;12:28;10:34;1326
LATI;SVMI;19:36;17:41;1325
SVMI;EDDI;01:09;22:12;1263
EDDI;SVMI;04:28;01:42;1274
SVMI;EDDI;13:09;10:16;1267
EDDI;SVMI;16:28;13:29;1261
SVMI;LOWW;03:38;00:48;1270
LOWW;SVMI;02:31;23:31;1260
SVMI;LOWW;15:38;12:49;1271
LOWW;SVMI;14:31;11:35;1264
SVMI;EBCI;00:35;21:40;1265
EBCI;SVMI;04:02;01:05;1263
SVMI;EBCI;08:35;05:37;1262
EBCI;SVMI;12:02;09:13;1271
SVMI;EBCI;16:35;13:38;1263
EBCI;SVMI;20:02;17:09;1267
SVMI;UMMS;02:13;00:13;1320
UMMS;SVMI;09:04;07:05;1321
SVMI;UMMS;14:13;12:20;1327
UMMS;SVMI;21:04;19:14;1330
SVMI;LBSF;05:16;03:20;1324
LBSF;SVMI;00:41;22:50;1329
SVMI;LBSF;13:16;11:22;1326
LBSF;SVMI;08:41;06:48;1327
SVMI;LBSF;21:16;19:27;1331
LBSF;SVMI;16:41;14:54;1333
SVMI;LKPR;03:15;01:21;1326
LKPR;SVMI;03:50;01:50;1320
SVMI;LKPR;11:15;09:16;1321
LKPR;SVMI;11:50;09:02;1272
SVMI;LKPR;19:15;17:16;1321
LKPR;SVMI;19:50;17:00;1270
SVMI;LDZA;10:34;08:45;1331
LDZA;SVMI;09:33;07:45;1332
SVMI;LDZA;22:34;20:47;1333
LDZA;SVMI;21:33;19:35;1322
SVMI;EKCH;06:43;03:49;1266
EKCH;SVMI;02:23;23:36;1273
SVMI;EKCH;18:43;15:52;1269
EKCH;SVMI;14:23;11:25;1262
SVMI;LZIB;01:28;23:31;1323
LZIB;SVMI;04:20;02:33;1333
SVMI;LZIB;13:28;11:33;1325
LZIB;SVMI;16:20;14:25;1325
SVMI;LJLJ;00:23;22:37;1334
LJLJ;SVMI;04:03;02:10;1327
SVMI;LJLJ;12:23;10:29;1326
LJLJ;SVMI;16:03;14:07;1324
SVMI;LEMD;10:33;07:35;1262
LEMD;SVMI;02:00;23:08;1268
SVMI;LEMD;22:33;19:39;1266
LEMD;SVMI;14:00;11:04;1264
SVMI;EETN;03:48;01:51;1323
EETN;SVMI;03:31;01:31;1320
SVMI;EETN;11:48;09:49;1321
EETN;SVMI;11:31;09:45;1334
SVMI;EETN;19:48;17:50;1322
EETN;SVMI;19:31;17:31;1320
SVMI;EFHK;02:09;23:11;1262
EFHK;SVMI;02:58;23:03;1205
SVMI;EFHK;14:09;11:15;1266
EFHK;SVMI;14:58;11:07;1209
SVMI;LFPG;01:59;22:08;1209
LFPG;SVMI;01:15;22:22;1267
SVMI;LFPG;13:59;10:08;1209
LFPG;SVMI;13:15;10:28;1273
SVMI;LGAV;03:44;00:44;1260
LGAV;SVMI;09:15;06:15;1260
SVMI;LGAV;15:44;12:44;1260
LGAV;SVMI;21:15;18:24;1269
SVMI;EHAM;08:02;05:12;1270
EHAM;SVMI;10:05;07:09;1264
SVMI;EHAM;20:02;17:11;1269
EHAM;SVMI;22:05;19:15;1270
SVMI;LHBP;07:01;05:11;1330
LHBP;SVMI;07:59;05:07;1268
SVMI;LHBP;19:01;17:04;1323
LHBP;SVMI;19:59;17:07;1268
SVMI;EIDW;04:16;00:19;1203
EIDW;SVMI;01:13;21:24;1211
SVMI;EIDW;12:16;08:26;1210
EIDW;SVMI;09:13;05:26;1213
SVMI;EIDW;20:16;16:19;1203
EIDW;SVMI;17:13;13:26;1213
SVMI;BIKF;02:00;00:14;1334
BIKF;SVMI;07:25;05:31;1326
SVMI;BIKF;10:00;08:08;1328
BIKF;SVMI;15:25;13:32;1327
SVMI;BIKF;18:00;16:08;1328
BIKF;SVMI;23:25;21:25;1320
SVMI;LIRA;05:16;02:19;1263
LIRA;SVMI;05:30;02:39;1269
SVMI;LIRA;17:16;14:29;1273
LIRA;SVMI;17:30;14:36;1266
SVMI;EVRA;04:09;02:18;1329
EVRA;SVMI;03:28;01:32;1324
SVMI;EVRA;12:09;10:15;1326
EVRA;SVMI;11:28;09:33;1325
SVMI;EVRA;20:09;18:15;1326
EVRA;SVMI;19:28;17:34;1326
SVMI;ELLX;06:46;03:00;1214
ELLX;SVMI;11:21;08:26;1265
SVMI;ELLX;18:46;15:47;1261
ELLX;SVMI;23:21;20:27;1266
SVMI;LMML;09:04;06:11;1267
LMML;SVMI;05:15;02:23;1268
SVMI;LMML;21:04;18:13;1269
LMML;SVMI;17:15;14:16;1261
SVMI;ENGM;10:43;07:56;1273
ENGM;SVMI;03:06;00:09;1263
SVMI;ENGM;22:43;19:50;1267
ENGM;SVMI;15:06;12:08;1262
SVMI;EPMO;09:52;07:01;1269
EPMO;SVMI;04:50;02:54;1324
SVMI;EPMO;21:52;19:56;1324
EPMO;SVMI;16:50;14:56;1326
SVMI;LPPT;05:56;03:06;1270
LPPT;SVMI;00:34;22:42;1328
SVMI;LPPT;13:56;11:04;1268
LPPT;SVMI;08:34;06:40;1326
SVMI;LPPT;21:56;19:58;1322
LPPT;SVMI;16:34;14:35;1321
SVMI;EGLL;11:38;09:43;1325
EGLL;SVMI;02:04;00:06;1322
SVMI;EGLL;23:38;21:47;1329
EGLL;SVMI;14:04;12:13;1329
SVMI;ESKN;11:18;08:26;1268
ESKN;SVMI;06:19;03:20;1261
SVMI;ESKN;23:18;20:19;1261
ESKN;SVMI;18:19;15:26;1267
SVMI;LSZB;02:22;23:24;1262
LSZB;SVMI;06:32;03:42;1270
SVMI;LSZB;14:22;11:34;1272
LSZB;SVMI;18:32;15:45;1273
SBBR;SPIM;03:18;14:23;665
SPIM;SBBR;02:12;13:15;663
SBBR;SPIM;15:18;02:27;669
SPIM;SBBR;14:12;01:19;667
SBBR;SLLP;10:00;20:02;602
SLLP;SBBR;07:15;17:27;612
SBBR;SLLP;22:00;08:01;601
SLLP;SBBR;19:15;05:22;607
SBBR;SCEL;01:28;10:33;545
SCEL;SBBR;03:56;12:05;489
SBBR;SCEL;13:28;22:33;545
SCEL;SBBR;15:56;00:09;493
SBBR;SABE;04:20;13:27;547
SABE;SBBR;04:27;13:32;545
SBBR;SABE;16:20;01:25;545
SABE;SBBR;16:27;01:39;552
SBBR;SGAS;02:18;12:24;606
SGAS;SBBR;10:14;20:22;608
SBBR;SGAS;14:18;00:27;609
SGAS;SBBR;22:14;08:27;613
SBBR;SUAA;03:35;13:35;600
SUAA;SBBR;01:55;11:03;548
SBBR;SUAA;15:35;01:39;604
SUAA;SBBR;13:55;23:55;600
SBBR;LATI;08:57;04:11;1154
LATI;SBBR;06:01;02:10;1209
SBBR;LATI;20:57;16:06;1149
LATI;SBBR;18:01;14:01;1200
SBBR;EDDI;06:53;01:05;1092
EDDI;SBBR;05:50;00:51;1141
SBBR;EDDI;18:53;13:00;1087
EDDI;SBBR;17:50;12:53;1143
SBBR;LOWW;04:54;23:08;1094
LOWW;SBBR;04:31;23:41;1150
SBBR;LOWW;12:54;07:54;1140
LOWW;SBBR;12:31;07:33;1142
SBBR;LOWW;20:54;15:08;1094
LOWW;SBBR;20:31;15:33;1142
SBBR;EBCI;08:10;03:16;1146
EBCI;SBBR;00:28;19:33;1145
SBBR;EBCI;20:10;15:12;1142
EBCI;SBBR;12:28;07:41;1153
SBBR;UMMS;10:36;06:48;1212
UMMS;SBBR;06:16;02:25;1209
SBBR;UMMS;22:36;18:36;1200
UMMS;SBBR;18:16;14:30;1214
SBBR;LBSF;07:31;03:35;1204
LBSF;SBBR;09:09;05:09;1200
SBBR;LBSF;19:31;15:41;1210
LBSF;SBBR;21:09;17:19;1210
SBBR;LKPR;10:55;06:56;1201
LKPR;SBBR;05:24;01:27;1203
SBBR;LKPR;22:55;18:04;1149
LKPR;SBBR;17:24;13:33;1209
SBBR;LDZA;03:33;23:35;1202
LDZA;SBBR;01:21;21:34;1213
SBBR;LDZA;15:33;11:46;1213
LDZA;SBBR;13:21;09:27;1206
SBBR;EKCH;10:10;05:14;1144
EKCH;SBBR;06:54;01:04;1090
SBBR;EKCH;22:10;17:12;1142
EKCH;SBBR;18:54;13:06;1092
SBBR;LZIB;07:04;03:11;1207
LZIB;SBBR;02:44;22:54;1210
SBBR;LZIB;15:04;11:09;1205
LZIB;SBBR;10:44;06:53;1209
SBBR;LZIB;23:04;19:16;1212
LZIB;SBBR;18:44;14:45;1201
SBBR;LJLJ;11:37;07:37;1200
LJLJ;SBBR;09:45;05:54;1209
SBBR;LJLJ;23:37;19:37;1200
LJLJ;SBBR;21:45;17:53;1208
SBBR;LEMD;09:52;04:55;1143
LEMD;SBBR;08:39;03:41;1142
SBBR;LEMD;21:52;16:04;1092
LEMD;SBBR;20:39;15:51;1152
SBBR;EETN;11:48;07:52;1204
EETN;SBBR;03:59;23:13;1154
SBBR;EETN;23:48;19:59;1211
EETN;SBBR;15:59;11:13;1154
SBBR;EFHK;05:46;00:58;1152
EFHK;SBBR;06:40;01:47;1147
SBBR;EFHK;17:46;12:53;1147
EFHK;SBBR;18:40;13:42;1142
SBBR;LFPG;02:27;21:29;1142
LFPG;SBBR;05:43;00:49;1146
SBBR;LFPG;14:27;09:33;1146
LFPG;SBBR;17:43;12:51;1148
SBBR;LGAV;03:42;22:52;1150
LGAV;SBBR;10:16;05:17;1141
SBBR;LGAV;15:42;10:49;1147
LGAV;SBBR;22:16;17:22;1146
SBBR;EHAM;05:04;00:13;1149
EHAM;SBBR;06:57;01:00;1083
SBBR;EHAM;13:04;08:08;1144
EHAM;SBBR;14:57;09:59;1142
SBBR;EHAM;21:04;16:07;1143
EHAM;SBBR;22:57;17:00;1083
SBBR;LHBP;04:43;00:54;1211
LHBP;SBBR;04:47;00:48;1201
SBBR;LHBP;12:43;08:45;1202
LHBP;SBBR;12:47;08:49;1202
SBBR;LHBP;20:43;16:56;1213
LHBP;SBBR;20:47;16:49;1202
SBBR;EIDW;01:28;19:40;1092
EIDW;SBBR;09:58;03:11;1033
SBBR;EIDW;13:28;07:41;1093
EIDW;SBBR;21:58;15:59;1081
SBBR;BIKF;00:11;20:13;1202
BIKF;SBBR;10:09;06:23;1214
SBBR;BIKF;12:11;08:25;1214
BIKF;SBBR;22:09;18:15;1206
SBBR;LIRA;11:13;06:15;1142
LIRA;SBBR;05:34;00:36;1142
SBBR;LIRA;23:13;18:13;1140
LIRA;SBBR;17:34;12:35;1141
SBBR;EVRA;05:17;01:26;1209
EVRA;SBBR;06:42;02:43;1201
SBBR;EVRA;17:17;13:17;1200
EVRA;SBBR;18:42;14:45;1203
SBBR;ELLX;07:19;02:21;1142
ELLX;SBBR;11:09;06:21;1152
SBBR;ELLX;19:19;14:24;1145
ELLX;SBBR;23:09;18:21;1152
SBBR;LMML;06:07;01:18;1151
LMML;SBBR;02:08;21:16;1148
SBBR;LMML;18:07;13:20;1153
LMML;SBBR;14:08;09:13;1145
SBBR;ENGM;06:42;01:45;1143
ENGM;SBBR;02:32;21:46;1154
SBBR;ENGM;14:42;09:48;1146
ENGM;SBBR;10:32;05:35;1143
SBBR;ENGM;22:42;17:50;1148
ENGM;SBBR;18:32;13:34;1142
SBBR;EPMO;06:21;02:30;1209
EPMO;SBBR;05:10;01:23;1213
SBBR;EPMO;18:21;14:24;1203
EPMO;SBBR;17:10;13:16;1206
SBBR;LPPT;08:47;04:57;1210
LPPT;SBBR;10:49;06:54;1205
SBBR;LPPT;20:47;16:52;1205
LPPT;SBBR;22:49;18:00;1151
SBBR;EGLL;01:20;21:23;1203
EGLL;SBBR;02:08;22:10;1202
SBBR;EGLL;09:20;05:33;1213
EGLL;SBBR;10:08;06:13;1205
SBBR;EGLL;17:20;13:21;1201
EGLL;SBBR;18:08;14:18;1210
SBBR;ESKN;07:17;02:25;1148
ESKN;SBBR;04:02;23:14;1152
SBBR;ESKN;19:17;14:31;1154
ESKN;SBBR;16:02;11:16;1154
SBBR;LSZB;00:12;19:22;1150
LSZB;SBBR;07:32;02:40;1148
SBBR;LSZB;08:12;03:21;1149
LSZB;SBBR;15:32;10:34;1142
SBBR;LSZB;16:12;11:20;1148
LSZB;SBBR;23:32;18:36;1144
SPIM;SLLP;09:09;19:12;603
SLLP;SPIM;08:12;18:25;613
SPIM;SLLP;21:09;07:15;606
SLLP;SPIM;20:12;06:21;609
SPIM;SCEL;11:20;22:22;662
SCEL;SPIM;06:30;17:44;674
SPIM;SCEL;23:20;10:25;665
SCEL;SPIM;18:30;05:33;663
SPIM;SABE;00:40;11:50;670
SABE;SPIM;11:59;22:07;608
SPIM;SABE;12:40;23:43;663
SABE;SPIM;23:59;10:06;607
SPIM;SGAS;04:51;14:01;550
SGAS;SPIM;00:54;10:06;552
SPIM;SGAS;12:51;22:01;550
SGAS;SPIM;08:54;18:58;604
SPIM;SGAS;20:51;06:01;550
SGAS;SPIM;16:54;02:04;550
SPIM;SUAA;00:10;10:19;609
SUAA;SPIM;05:38;15:49;611
SPIM;SUAA;08:10;18:17;607
SUAA;SPIM;13:38;23:51;613
SPIM;SUAA;16:10;02:13;603
SUAA;SPIM;21:38;07:38;600
SPIM;LATI;02:16;00:19;1323
LATI;SPIM;06:42;04:56;1334
SPIM;LATI;10:16;08:19;1323
LATI;SPIM;14:42;12:56;1334
SPIM;LATI;18:16;16:25;1329
LATI;SPIM;22:42;20:56;1334
SPIM;EDDI;00:00;21:08;1268
EDDI;SPIM;08:07;05:19;1272
SPIM;EDDI;12:00;09:08;1268
EDDI;SPIM;20:07;17:17;1270
SPIM;LOWW;00:14;21:28;1274
LOWW;SPIM;06:11;03:17;1266
SPIM;LOWW;12:14;09:15;1261
LOWW;SPIM;18:11;15:16;1265
SPIM;EBCI;03:36;00:47;1271
EBCI;SPIM;00:12;21:16;1264
SPIM;EBCI;15:36;12:39;1263
EBCI;SPIM;12:12;09:24;1272
SPIM;UMMS;04:35;02:41;1326
UMMS;SPIM;00:19;22:19;1320
SPIM;UMMS;12:35;10:38;1323
UMMS;SPIM;08:19;06:21;1322
SPIM;UMMS;20:35;18:37;1322
UMMS;SPIM;16:19;14:23;1324
SPIM;LBSF;01:26;23:38;1332
LBSF;SPIM;06:01;04:05;1324
SPIM;LBSF;13:26;11:39;1333
LBSF;SPIM;18:01;16:04;1323
SPIM;LKPR;05:55;03:58;1323
LKPR;SPIM;00:16;22:24;1328
SPIM;LKPR;17:55;15:59;1324
LKPR;SPIM;12:16;10:24;1328
SPIM;LDZA;06:27;04:37;1330
LDZA;SPIM;01:21;23:29;1328
SPIM;LDZA;14:27;12:28;1321
LDZA;SPIM;09:21;07:24;1323
SPIM;LDZA;22:27;20:31;1324
LDZA;SPIM;17:21;15:30;1329
SPIM;EKCH;09:48;06:52;1264
EKCH;SPIM;04:23;01:37;1274
SPIM;EKCH;21:48;18:01;1213
EKCH;SPIM;16:23;13:23;1260
SPIM;LZIB;05:42;03:48;1326
LZIB;SPIM;04:11;02:25;1334
SPIM;LZIB;13:42;11:48;1326
LZIB;SPIM;12:11;10:13;1322
SPIM;LZIB;21:42;19:54;1332
LZIB;SPIM;20:11;18:15;1324
SPIM;LJLJ;06:11;04:12;1321
LJLJ;SPIM;01:52;23:55;1323
SPIM;LJLJ;18:11;16:12;1321
LJLJ;SPIM;13:52;11:57;1325
SPIM;LEMD;01:00;22:01;1261
LEMD;SPIM;00:56;21:03;1207
SPIM;LEMD;13:00;10:11;1271
LEMD;SPIM;12:56;09:03;1207
SPIM;EETN;11:54;09:59;1325
EETN;SPIM;00:17;22:22;1325
SPIM;EETN;23:54;21:02;1268
EETN;SPIM;12:17;10:23;1326
SPIM;EFHK;06:18;03:30;1272
EFHK;SPIM;04:51;01:51;1260
SPIM;EFHK;14:18;11:23;1265
EFHK;SPIM;12:51;09:56;1265
SPIM;EFHK;22:18;19:22;1264
EFHK;SPIM;20:51;17:51;1260
SPIM;LFPG;09:05;06:12;1267
LFPG;SPIM;02:02;23:14;1272
SPIM;LFPG;21:05;18:06;1261
LFPG;SPIM;14:02;11:04;1262
SPIM;LGAV;10:10;07:22;1272
LGAV;SPIM;01:31;22:31;1260
SPIM;LGAV;22:10;19:24;1274
LGAV;SPIM;13:31;10:37;1266
SPIM;EHAM;07:07;04:08;1261
EHAM;SPIM;04:46;01:50;1264
SPIM;EHAM;19:07;16:16;1269
EHAM;SPIM;16:46;13:48;1262
SPIM;LHBP;02:35;00:35;1320
LHBP;SPIM;00:34;22:37;1323
SPIM;LHBP;14:35;12:37;1322
LHBP;SPIM;12:34;10:47;1333
SPIM;EIDW;01:51;21:58;1207
EIDW;SPIM;06:35;02:46;1211
SPIM;EIDW;13:51;09:58;1207
EIDW;SPIM;18:35;14:46;1211
SPIM;BIKF;01:41;23:45;1324
BIKF;SPIM;07:47;05:50;1323
SPIM;BIKF;09:41;07:41;1320
BIKF;SPIM;15:47;13:53;1326
SPIM;BIKF;17:41;15:45;1324
BIKF;SPIM;23:47;21:56;1329
SPIM;LIRA;02:13;23:21;1268
LIRA;SPIM;02:15;23:28;1273
SPIM;LIRA;10:13;07:21;1268
LIRA;SPIM;10:15;07:17;1262
SPIM;LIRA;18:13;15:20;1267
LIRA;SPIM;18:15;15:15;1260
SPIM;EVRA;10:30;08:39;1329
EVRA;SPIM;05:01;03:06;1325
SPIM;EVRA;22:30;20:38;1328
EVRA;SPIM;17:01;15:02;1321
SPIM;ELLX;01:25;22:30;1265
ELLX;SPIM;01:14;22:22;1268
SPIM;ELLX;09:25;06:36;1271
ELLX;SPIM;09:14;06:26;1272
SPIM;ELLX;17:25;14:39;1274
ELLX;SPIM;17:14;14:19;1265
SPIM;LMML;05:32;02:44;1272
LMML;SPIM;09:21;06:27;1266
SPIM;LMML;17:32;14:33;1261
LMML;SPIM;21:21;18:33;1272
SPIM;ENGM;07:45;04:59;1274
ENGM;SPIM;04:32;01:37;1265
SPIM;ENGM;15:45;12:50;1265
ENGM;SPIM;12:32;09:43;1271
SPIM;ENGM;23:45;20:58;1273
ENGM;SPIM;20:32;17:45;1273
SPIM;EPMO;10:28;08:29;1321
EPMO;SPIM;10:51;08:57;1326
SPIM;EPMO;22:28;20:30;1322
EPMO;SPIM;22:51;20:51;1320
SPIM;LPPT;01:28;23:42;1334
LPPT;SPIM;05:44;03:57;1333
SPIM;LPPT;09:28;07:30;1322
LPPT;SPIM;13:44;11:54;1330
SPIM;LPPT;17:28;15:34;1326
LPPT;SPIM;21:44;19:53;1329
SPIM;EGLL;02:08;00:08;1320
EGLL;SPIM;01:38;23:42;1324
SPIM;EGLL;14:08;12:18;1330
EGLL;SPIM;13:38;11:49;1331
SPIM;ESKN;04:10;01:20;1270
ESKN;SPIM;07:33;04:43;1270
SPIM;ESKN;12:10;09:13;1263
ESKN;SPIM;15:33;12:43;1270
SPIM;ESKN;20:10;17:21;1271
ESKN;SPIM;23:33;20:40;1267
SPIM;LSZB;04:26;01:33;1267
LSZB;SPIM;03:40;00:49;1269
SPIM;LSZB;12:26;09:27;1261
LSZB;SPIM;11:40;08:52;1272
SPIM;LSZB;20:26;17:27;1261
LSZB;SPIM;19:40;16:48;1268
SLLP;SCEL;05:37;15:39;602
SCEL;SLLP;07:24;17:25;601
SLLP;SCEL;13:37;23:50;613
SCEL;SLLP;15:24;01:36;612
SLLP;SCEL;21:37;07:40;603
SCEL;SLLP;23:24;09:29;605
SLLP;SABE;05:38;15:52;614
SABE;SLLP;04:35;14:47;612
SLLP;SABE;17:38;03:39;601
SABE;SLLP;16:35;02:48;613
SLLP;SGAS;03:21;12:27;546
SGAS;SLLP;05:57;14:04;487
SLLP;SGAS;11:21;20:23;542
SGAS;SLLP;13:57;22:02;485
SLLP;SGAS;19:21;04:34;553
SGAS;SLLP;21:57;06:06;489
SLLP;SUAA;07:25;16:26;541
SUAA;SLLP;05:04;14:16;552
SLLP;SUAA;15:25;00:31;546
SUAA;SLLP;13:04;22:15;551
SLLP;SUAA;23:25;08:38;553
SUAA;SLLP;21:04;06:07;543
SLLP;LATI;00:48;21:01;1213
LATI;SLLP;03:33;00:44;1271
SLLP;LATI;08:48;05:54;1266
LATI;SLLP;11:33;08:37;1264
SLLP;LATI;16:48;13:01;1213
LATI;SLLP;19:33;16:33;1260
SLLP;EDDI;09:19;05:32;1213
EDDI;SLLP;11:19;07:25;1206
SLLP;EDDI;21:19;17:29;1210
EDDI;SLLP;23:19;19:24;1205
SLLP;LOWW;00:15;20:20;1205
LOWW;SLLP;00:36;20:46;1210
SLLP;LOWW;08:15;04:21;1206
LOWW;SLLP;08:36;04:49;1213
SLLP;LOWW;16:15;12:29;1214
LOWW;SLLP;16:36;12:42;1206
SLLP;EBCI;00:45;20:52;1207
EBCI;SLLP;00:55;20:05;1150
SLLP;EBCI;12:45;08:47;1202
EBCI;SLLP;12:55;08:00;1145
SLLP;UMMS;09:02;06:02;1260
UMMS;SLLP;08:00;05:01;1261
SLLP;UMMS;21:02;18:15;1273
UMMS;SLLP;20:00;17:08;1268
SLLP;LBSF;02:14;23:14;1260
LBSF;SLLP;05:17;02:27;1270
SLLP;LBSF;14:14;11:16;1262
LBSF;SLLP;17:17;14:17;1260
SLLP;LKPR;11:26;08:27;1261
LKPR;SLLP;01:08;22:16;1268
SLLP;LKPR;23:26;20:36;1270
LKPR;SLLP;13:08;10:09;1261
SLLP;LDZA;01:52;22:04;1212
LDZA;SLLP;04:55;01:03;1208
SLLP;LDZA;13:52;10:59;1267
LDZA;SLLP;16:55;13:01;1206
SLLP;EKCH;08:08;04:10;1202
EKCH;SLLP;02:08;22:17;1209
SLLP;EKCH;20:08;16:18;1210
EKCH;SLLP;14:08;10:08;1200
SLLP;LZIB;03:49;00:54;1265
LZIB;SLLP;07:23;04:27;1264
SLLP;LZIB;15:49;12:53;1264
LZIB;SLLP;19:23;16:28;1265
SLLP;LJLJ;05:41;02:44;1263
LJLJ;SLLP;04:53;01:57;1264
SLLP;LJLJ;13:41;10:53;1272
LJLJ;SLLP;12:53;09:00;1207
SLLP;LJLJ;21:41;18:44;1263
LJLJ;SLLP;20:53;17:06;1213
SLLP;LEMD;10:18;06:32;1214
LEMD;SLLP;04:43;00:55;1212
SLLP;LEMD;22:18;18:27;1209
LEMD;SLLP;16:43;12:57;1214
SLLP;EETN;05:47;02:58;1271
EETN;SLLP;10:07;07:13;1266
SLLP;EETN;17:47;14:55;1268
EETN;SLLP;22:07;19:07;1260
SLLP;EFHK;06:08;02:13;1205
EFHK;SLLP;06:51;02:52;1201
SLLP;EFHK;14:08;10:08;1200
EFHK;SLLP;14:51;10:59;1208
SLLP;EFHK;22:08;18:17;1209
EFHK;SLLP;22:51;18:51;1200
SLLP;LFPG;03:26;23:38;1212
LFPG;SLLP;06:35;02:36;1201
SLLP;LFPG;11:26;07:34;1208
LFPG;SLLP;14:35;10:38;1203
SLLP;LFPG;19:26;15:31;1205
LFPG;SLLP;22:35;18:44;1209
SLLP;LGAV;06:02;02:12;1210
LGAV;SLLP;05:21;01:23;1202
SLLP;LGAV;14:02;10:14;1212
LGAV;SLLP;13:21;09:35;1214
SLLP;LGAV;22:02;18:16;1214
LGAV;SLLP;21:21;17:22;1201
SLLP;EHAM;02:05;22:08;1203
EHAM;SLLP;01:58;21:07;1149
SLLP;EHAM;14:05;10:12;1207
EHAM;SLLP;13:58;09:11;1153
SLLP;LHBP;08:01;05:15;1274
LHBP;SLLP;11:50;08:01;1211
SLLP;LHBP;20:01;17:03;1262
LHBP;SLLP;23:50;20:57;1267
SLLP;EIDW;03:23;22:34;1151
EIDW;SLLP;05:43;00:53;1150
SLLP;EIDW;11:23;06:29;1146
EIDW;SLLP;13:43;08:43;1140
SLLP;EIDW;19:23;14:33;1150
EIDW;SLLP;21:43;16:43;1140
SLLP;BIKF;10:12;07:12;1260
BIKF;SLLP;03:35;00:38;1263
SLLP;BIKF;22:12;19:20;1268
BIKF;SLLP;15:35;12:44;1269
SLLP;LIRA;00:54;20:59;1205
LIRA;SLLP;06:07;02:10;1203
SLLP;LIRA;08:54;04:03;1149
LIRA;SLLP;14:07;10:07;1200
SLLP;LIRA;16:54;12:58;1204
LIRA;SLLP;22:07;18:16;1209
SLLP;EVRA;03:25;00:26;1261
EVRA;SLLP;02:04;23:09;1265
SLLP;EVRA;15:25;12:28;1263
EVRA;SLLP;14:04;11:12;1268
SLLP;ELLX;02:06;22:16;1210
ELLX;SLLP;03:45;23:51;1206
SLLP;ELLX;10:06;06:11;1205
ELLX;SLLP;11:45;07:59;1214
SLLP;ELLX;18:06;14:14;1208
ELLX;SLLP;19:45;15:48;1203
SLLP;LMML;09:49;05:52;1203
LMML;SLLP;06:04;02:11;1207
SLLP;LMML;21:49;17:58;1209
LMML;SLLP;18:04;14:04;1200
SLLP;ENGM;05:15;01:21;1206
ENGM;SLLP;06:21;02:27;1206
SLLP;ENGM;13:15;09:24;1209
ENGM;SLLP;14:21;10:31;1210
SLLP;ENGM;21:15;17:17;1202
ENGM;SLLP;22:21;18:25;1204
SLLP;EPMO;00:24;21:37;1273
EPMO;SLLP;11:39;08:51;1272
SLLP;EPMO;12:24;09:35;1271
EPMO;SLLP;23:39;20:44;1265
SLLP;LPPT;05:28;02:40;1272
LPPT;SLLP;07:57;04:03;1206
SLLP;LPPT;17:28;14:34;1266
LPPT;SLLP;19:57;16:07;1210
SLLP;EGLL;01:33;22:38;1265
EGLL;SLLP;00:36;21:46;1270
SLLP;EGLL;13:33;10:45;1272
EGLL;SLLP;12:36;09:40;1264
SLLP;ESKN;07:30;03:36;1206
ESKN;SLLP;04:41;00:45;1204
SLLP;ESKN;15:30;11:30;1200
ESKN;SLLP;12:41;08:50;1209
SLLP;ESKN;23:30;19:32;1202
ESKN;SLLP;20:41;16:47;1206
SLLP;LSZB;03:50;23:58;1208
LSZB;SLLP;07:13;03:21;1208
SLLP;LSZB;11:50;07:51;1201
LSZB;SLLP;15:13;11:26;1213
SLLP;LSZB;19:50;15:55;1205
LSZB;SLLP;23:13;19:24;1211
SCEL;SABE;07:19;16:27;548
SABE;SCEL;04:18;13:32;554
SCEL;SABE;15:19;00:29;550
SABE;SCEL;12:18;21:24;546
SCEL;SABE;23:19;08:27;548
SABE;SCEL;20:18;05:19;541
SCEL;SGAS;06:48;16:56;608
SGAS;SCEL;05:39;15:50;611
SCEL;SGAS;18:48;04:51;603
SGAS;SCEL;17:39;03:42;603
SCEL;SUAA;11:29;21:41;612
SUAA;SCEL;02:07;12:08;601
SCEL;SUAA;23:29;09:36;607
SUAA;SCEL;14:07;00:13;606
SCEL;LATI;05:53;01:03;1150
LATI;SCEL;00:16;20:23;1207
SCEL;LATI;13:53;09:03;1150
LATI;SCEL;08:16;04:27;1211
SCEL;LATI;21:53;17:53;1200
LATI;SCEL;16:16;12:18;1202
SCEL;EDDI;04:09;23:17;1148
EDDI;SCEL;01:14;20:21;1147
SCEL;EDDI;12:09;07:14;1145
EDDI;SCEL;09:14;04:20;1146
SCEL;EDDI;20:09;15:19;1150
EDDI;SCEL;17:14;12:22;1148
SCEL;LOWW;03:45;22:47;1142
LOWW;SCEL;03:25;22:29;1144
SCEL;LOWW;11:45;06:57;1152
LOWW;SCEL;11:25;06:38;1153
SCEL;LOWW;19:45;14:52;1147
LOWW;SCEL;19:25;14:32;1147
SCEL;EBCI;03:03;22:06;1143
EBCI;SCEL;06:03;01:09;1146
SCEL;EBCI;15:03;10:13;1150
EBCI;SCEL;18:03;13:14;1151
SCEL;UMMS;11:56;07:03;1147
UMMS;SCEL;09:11;05:25;1214
SCEL;UMMS;23:56;19:06;1150
UMMS;SCEL;21:11;17:22;1211
SCEL;LBSF;07:04;03:17;1213
LBSF;SCEL;03:43;23:43;1200
SCEL;LBSF;19:04;15:14;1210
LBSF;SCEL;15:43;11:47;1204
SCEL;LKPR;07:43;03:55;1212
LKPR;SCEL;05:35;01:39;1204
SCEL;LKPR;15:43;11:43;1200
LKPR;SCEL;13:35;09:49;1214
SCEL;LKPR;23:43;19:46;1203
LKPR;SCEL;21:35;17:35;1200
SCEL;LDZA;01:53;21:03;1150
LDZA;SCEL;02:23;22:36;1213
SCEL;LDZA;13:53;09:05;1152
LDZA;SCEL;14:23;10:24;1201
SCEL;EKCH;06:38;01:50;1152
EKCH;SCEL;05:38;00:50;1152
SCEL;EKCH;18:38;13:51;1153
EKCH;SCEL;17:38;12:52;1154
SCEL;LZIB;07:30;03:42;1212
LZIB;SCEL;06:28;02:33;1205
SCEL;LZIB;19:30;15:30;1200
LZIB;SCEL;18:28;14:36;1208
SCEL;LJLJ;02:54;22:57;1203
LJLJ;SCEL;11:28;07:35;1207
SCEL;LJLJ;14:54;10:01;1147
LJLJ;SCEL;23:28;19:29;1201
SCEL;LEMD;05:25;00:34;1149
LEMD;SCEL;00:53;19:53;1140
SCEL;LEMD;17:25;12:31;1146
LEMD;SCEL;12:53;07:58;1145
SCEL;EETN;00:42;20:56;1214
EETN;SCEL;07:22;03:31;1209
SCEL;EETN;08:42;04:46;1204
EETN;SCEL;15:22;11:29;1207
SCEL;EETN;16:42;12:46;1204
EETN;SCEL;23:22;19:31;1209
SCEL;EFHK;00:44;19:49;1145
EFHK;SCEL;05:18;00:26;1148
SCEL;EFHK;12:44;07:51;1147
EFHK;SCEL;17:18;12:21;1143
SCEL;LFPG;07:27;02:40;1153
LFPG;SCEL;11:49;06:02;1093
SCEL;LFPG;19:27;14:35;1148
LFPG;SCEL;23:49;18:56;1147
SCEL;LGAV;05:23;00:26;1143
LGAV;SCEL;02:08;21:12;1144
SCEL;LGAV;13:23;08:33;1150
LGAV;SCEL;10:08;05:20;1152
SCEL;LGAV;21:23;16:33;1150
LGAV;SCEL;18:08;13:19;1151
SCEL;EHAM;03:20;22:31;1151
EHAM;SCEL;05:16;00:24;1148
SCEL;EHAM;11:20;06:20;1140
EHAM;SCEL;13:16;08:21;1145
SCEL;EHAM;19:20;14:33;1153
EHAM;SCEL;21:16;16:24;1148
SCEL;LHBP;03:57;23:59;1202
LHBP;SCEL;03:42;23:44;1202
SCEL;LHBP;11:57;07:07;1150
LHBP;SCEL;11:42;07:42;1200
SCEL;LHBP;19:57;15:59;1202
LHBP;SCEL;19:42;15:45;1203
SCEL;EIDW;02:28;20:30;1082
EIDW;SCEL;05:37;23:40;1083
SCEL;EIDW;14:28;08:30;1082
EIDW;SCEL;17:37;11:41;1084
SCEL;BIKF;09:32;05:40;1208
BIKF;SCEL;11:01;07:01;1200
SCEL;BIKF;21:32;17:40;1208
BIKF;SCEL;23:01;19:02;1201
SCEL;LIRA;00:30;19:32;1142
LIRA;SCEL;04:04;23:14;1150
SCEL;LIRA;08:30;03:33;1143
LIRA;SCEL;12:04;07:15;1151
SCEL;LIRA;16:30;11:40;1150
LIRA;SCEL;20:04;15:04;1140
SCEL;EVRA;07:36;03:46;1210
EVRA;SCEL;03:03;23:06;1203
SCEL;EVRA;15:36;11:43;1207
EVRA;SCEL;11:03;07:16;1213
SCEL;EVRA;23:36;19:46;1210
EVRA;SCEL;19:03;15:12;1209
SCEL;ELLX;06:43;01:55;1152
ELLX;SCEL;05:10;00:12;1142
SCEL;ELLX;14:43;09:55;1152
ELLX;SCEL;13:10;08:21;1151
SCEL;ELLX;22:43;17:46;1143
ELLX;SCEL;21:10;16:20;1150
SCEL;LMML;04:23;23:29;1146
LMML;SCEL;10:23;05:32;1149
SCEL;LMML;16:23;11:28;1145
LMML;SCEL;22:23;17:24;1141
SCEL;ENGM;05:41;00:53;1152
ENGM;SCEL;04:49;23:02;1093
SCEL;ENGM;17:41;12:41;1140
ENGM;SCEL;16:49;11:02;1093
SCEL;EPMO;07:41;03:53;1212
EPMO;SCEL;03:31;23:40;1209
SCEL;EPMO;19:41;15:50;1209
EPMO;SCEL;15:31;11:35;1204
SCEL;LPPT;08:50;04:00;1150
LPPT;SCEL;01:58;21:08;1150
SCEL;LPPT;20:50;16:53;1203
LPPT;SCEL;13:58;09:07;1149
SCEL;EGLL;10:40;06:51;1211
EGLL;SCEL;02:35;22:49;1214
SCEL;EGLL;22:40;18:47;1207
EGLL;SCEL;14:35;10:48;1213
SCEL;ESKN;01:06;20:09;1143
ESKN;SCEL;02:50;21:01;1091
SCEL;ESKN;09:06;04:06;1140
ESKN;SCEL;10:50;05:52;1142
SCEL;ESKN;17:06;12:12;1146
ESKN;SCEL;18:50;13:55;1145
SCEL;LSZB;06:13;01:19;1146
LSZB;SCEL;11:25;06:26;1141
SCEL;LSZB;18:13;13:17;1144
LSZB;SCEL;23:25;18:34;1149
SABE;SGAS;04:33;14:36;603
SGAS;SABE;00:53;10:55;602
SABE;SGAS;12:33;22:36;603
SGAS;SABE;08:53;18:53;600
SABE;SGAS;20:33;06:44;611
SGAS;SABE;16:53;02:07;554
SABE;SUAA;11:58;21:07;549
SUAA;SABE;05:08;15:15;607
SABE;SUAA;23:58;09:02;544
SUAA;SABE;17:08;03:09;601
SABE;LATI;11:38;07:52;1214
LATI;SABE;09:56;05:04;1148
SABE;LATI;23:38;19:41;1203
LATI;SABE;21:56;17:02;1146
SABE;EDDI;01:54;20:55;1141
EDDI;SABE;01:27;20:35;1148
SABE;EDDI;13:54;08:03;1089
EDDI;SABE;13:27;08:28;1141
SABE;LOWW;08:23;03:25;1142
LOWW;SABE;00:12;19:25;1153
SABE;LOWW;20:23;15:32;1149
LOWW;SABE;12:12;07:22;1150
SABE;EBCI;02:10;21:24;1154
EBCI;SABE;03:43;22:52;1149
SABE;EBCI;14:10;09:14;1144
EBCI;SABE;15:43;10:53;1150
SABE;UMMS;10:09;06:18;1209
UMMS;SABE;06:29;02:31;1202
SABE;UMMS;22:09;18:19;1210
UMMS;SABE;18:29;14:37;1208
SABE;LBSF;11:26;07:32;1206
LBSF;SABE;09:43;05:55;1212
SABE;LBSF;23:26;19:26;1200
LBSF;SABE;21:43;17:43;1200
SABE;LKPR;03:21;23:25;1204
LKPR;SABE;02:11;22:23;1212
SABE;LKPR;11:21;07:34;1213
LKPR;SABE;10:11;06:21;1210
SABE;LKPR;19:21;15:26;1205
LKPR;SABE;18:11;14:16;1205
SABE;LDZA;03:41;23:48;1207
LDZA;SABE;00:02;20:09;1207
SABE;LDZA;11:41;07:50;1209
LDZA;SABE;08:02;04:12;1210
SABE;LDZA;19:41;15:43;1202
LDZA;SABE;16:02;12:09;1207
SABE;EKCH;04:46;23:54;1148
EKCH;SABE;01:58;20:08;1090
SABE;EKCH;12:46;07:56;1150
EKCH;SABE;09:58;04:58;1140
SABE;EKCH;20:46;15:51;1145
EKCH;SABE;17:58;12:01;1083
SABE;LZIB;07:00;03:09;1209
LZIB;SABE;03:53;23:04;1151
SABE;LZIB;19:00;15:10;1210
LZIB;SABE;15:53;11:54;1201
SABE;LJLJ;01:37;21:37;1200
LJLJ;SABE;10:34;06:35;1201
SABE;LJLJ;13:37;09:43;1206
LJLJ;SABE;22:34;18:44;1210
SABE;LEMD;09:02;04:15;1153
LEMD;SABE;01:58;20:00;1082
SABE;LEMD;21:02;16:04;1142
LEMD;SABE;13:58;08:01;1083
SABE;EETN;10:37;06:49;1212
EETN;SABE;04:39;00:50;1211
SABE;EETN;22:37;18:45;1208
EETN;SABE;16:39;12:45;1206
SABE;EFHK;11:58;06:02;1084
EFHK;SABE;09:05;04:14;1149
SABE;EFHK;23:58;18:08;1090
EFHK;SABE;21:05;16:12;1147
SABE;LFPG;06:32;01:35;1143
LFPG;SABE;05:20;00:22;1142
SABE;LFPG;14:32;09:34;1142
LFPG;SABE;13:20;08:33;1153
SABE;LFPG;22:32;17:35;1143
LFPG;SABE;21:20;16:32;1152
SABE;LGAV;10:21;05:30;1149
LGAV;SABE;06:22;01:28;1146
SABE;LGAV;22:21;17:34;1153
LGAV;SABE;18:22;13:36;1154
SABE;EHAM;01:46;20:51;1145
EHAM;SABE;07:57;02:01;1084
SABE;EHAM;13:46;08:47;1141
EHAM;SABE;19:57;14:07;1090
SABE;LHBP;02:42;22:51;1209
LHBP;SABE;04:15;00:16;1201
SABE;LHBP;14:42;10:44;1202
LHBP;SABE;16:15;12:27;1212
SABE;EIDW;04:04;22:12;1088
EIDW;SABE;03:41;21:54;1093
SABE;EIDW;12:04;06:17;1093
EIDW;SABE;11:41;05:53;1092
SABE;EIDW;20:04;14:18;1094
EIDW;SABE;19:41;13:48;1087
SABE;BIKF;11:04;07:06;1202
BIKF;SABE;03:15;23:19;1204
SABE;BIKF;23:04;19:05;1201
BIKF;SABE;15:15;11:20;1205
SABE;LIRA;08:17;03:29;1152
LIRA;SABE;03:40;22:48;1148
SABE;LIRA;20:17;15:18;1141
LIRA;SABE;15:40;10:49;1149
SABE;EVRA;07:38;03:42;1204
EVRA;SABE;00:04;20:17;1213
SABE;EVRA;19:38;15:48;1210
EVRA;SABE;12:04;08:12;1208
SABE;ELLX;10:49;05:02;1093
ELLX;SABE;08:29;03:37;1148
SABE;ELLX;22:49;17:59;1150
ELLX;SABE;20:29;15:29;1140
SABE;LMML;09:05;04:12;1147
LMML;SABE;04:45;23:47;1142
SABE;LMML;21:05;16:17;1152
LMML;SABE;16:45;11:59;1154
SABE;ENGM;06:54;01:04;1090
ENGM;SABE;07:21;02:35;1154
SABE;ENGM;18:54;13:59;1145
ENGM;SABE;19:21;14:28;1147
SABE;EPMO;06:38;02:45;1207
EPMO;SABE;05:04;01:05;1201
SABE;EPMO;14:38;10:52;1214
EPMO;SABE;13:04;09:18;1214
SABE;EPMO;22:38;18:41;1203
EPMO;SABE;21:04;17:16;1212
SABE;LPPT;04:06;00:06;1200
LPPT;SABE;06:38;02:42;1204
SABE;LPPT;12:06;08:14;1208
LPPT;SABE;14:38;10:48;1210
SABE;LPPT;20:06;16:20;1214
LPPT;SABE;22:38;18:42;1204
SABE;EGLL;08:12;04:14;1202
EGLL;SABE;10:54;06:03;1149
SABE;EGLL;20:12;16:21;1209
EGLL;SABE;22:54;18:54;1200
SABE;ESKN;10:08;05:15;1147
ESKN;SABE;01:58;20:10;1092
SABE;ESKN;22:08;17:09;1141
ESKN;SABE;13:58;08:12;1094
SABE;LSZB;00:29;19:35;1146
LSZB;SABE;01:08;20:16;1148
SABE;LSZB;12:29;07:30;1141
LSZB;SABE;13:08;08:22;1154
SGAS;SUAA;06:02;15:02;540
SUAA;SGAS;04:21;13:29;548
SGAS;SUAA;14:02;23:10;548
SUAA;SGAS;12:21;21:23;542
SGAS;SUAA;22:02;07:10;548
SUAA;SGAS;20:21;05:34;553
SGAS;LATI;06:15;03:22;1267
LATI;SGAS;00:01;21:02;1261
SGAS;LATI;14:15;11:19;1264
LATI;SGAS;08:01;05:07;1266
SGAS;LATI;22:15;19:18;1263
LATI;SGAS;16:01;13:06;1265
SGAS;EDDI;11:27;07:28;1201
EDDI;SGAS;04:31;00:45;1214
SGAS;EDDI;23:27;19:40;1213
EDDI;SGAS;16:31;12:37;1206
SGAS;LOWW;05:52;01:05;1153
LOWW;SGAS;07:00;03:12;1212
SGAS;LOWW;13:52;09:59;1207
LOWW;SGAS;15:00;11:06;1206
SGAS;LOWW;21:52;17:05;1153
LOWW;SGAS;23:00;19:08;1208
SGAS;EBCI;03:35;23:41;1206
EBCI;SGAS;00:52;20:01;1149
SGAS;EBCI;15:35;11:48;1213
EBCI;SGAS;12:52;08:06;1154
SGAS;UMMS;04:51;01:01;1210
UMMS;SGAS;01:12;22:16;1264
SGAS;UMMS;16:51;13:53;1262
UMMS;SGAS;13:12;10:19;1267
SGAS;LBSF;01:00;22:04;1264
LBSF;SGAS;07:42;04:44;1262
SGAS;LBSF;09:00;06:08;1268
LBSF;SGAS;15:42;12:52;1270
SGAS;LBSF;17:00;14:11;1271
LBSF;SGAS;23:42;20:53;1271
SGAS;LKPR;07:54;04:03;1209
LKPR;SGAS;03:49;00:50;1261
SGAS;LKPR;19:54;16:01;1207
LKPR;SGAS;15:49;12:00;1211
SGAS;LDZA;06:59;03:07;1208
LDZA;SGAS;02:02;23:02;1260
SGAS;LDZA;18:59;15:02;1203
LDZA;SGAS;14:02;11:02;1260
SGAS;EKCH;03:06;23:18;1212
EKCH;SGAS;07:09;03:21;1212
SGAS;EKCH;11:06;07:16;1210
EKCH;SGAS;15:09;11:20;1211
SGAS;EKCH;19:06;15:14;1208
EKCH;SGAS;23:09;19:21;1212
SGAS;LZIB;10:13;07:24;1271
LZIB;SGAS;04:39;01:42;1263
SGAS;LZIB;22:13;19:25;1272
LZIB;SGAS;16:39;13:45;1266
SGAS;LJLJ;02:00;23:14;1274
LJLJ;SGAS;05:07;02:13;1266
SGAS;LJLJ;10:00;07:02;1262
LJLJ;SGAS;13:07;10:19;1272
SGAS;LJLJ;18:00;15:12;1272
LJLJ;SGAS;21:07;18:20;1273
SGAS;LEMD;11:53;07:56;1203
LEMD;SGAS;10:57;06:08;1151
SGAS;LEMD;23:53;19:02;1149
LEMD;SGAS;22:57;18:03;1146
SGAS;EETN;02:40;23:49;1269
EETN;SGAS;11:32;08:46;1274
SGAS;EETN;14:40;11:51;1271
EETN;SGAS;23:32;20:40;1268
SGAS;EFHK;03:40;23:46;1206
EFHK;SGAS;08:40;04:46;1206
SGAS;EFHK;15:40;11:44;1204
EFHK;SGAS;20:40;16:48;1208
SGAS;LFPG;05:01;01:05;1204
LFPG;SGAS;01:52;21:01;1149
SGAS;LFPG;13:01;09:12;1211
LFPG;SGAS;09:52;05:55;1203
SGAS;LFPG;21:01;17:15;1214
LFPG;SGAS;17:52;13:53;1201
SGAS;LGAV;04:37;00:51;1214
LGAV;SGAS;06:23;02:32;1209
SGAS;LGAV;12:37;08:48;1211
LGAV;SGAS;14:23;10:30;1207
SGAS;LGAV;20:37;16:38;1201
LGAV;SGAS;22:23;18:36;1213
SGAS;EHAM;08:11;04:22;1211
EHAM;SGAS;04:03;00:14;1211
SGAS;EHAM;20:11;16:17;1206
EHAM;SGAS;16:03;12:03;1200
SGAS;LHBP;01:11;22:23;1272
LHBP;SGAS;00:19;21:26;1267
SGAS;LHBP;09:11;06:20;1269
LHBP;SGAS;08:19;05:24;1265
SGAS;LHBP;17:11;14:12;1261
LHBP;SGAS;16:19;13:30;1271
SGAS;EIDW;08:13;03:24;1151
EIDW;SGAS;09:53;04:06;1093
SGAS;EIDW;20:13;15:17;1144
EIDW;SGAS;21:53;16:59;1146
SGAS;BIKF;07:45;04:57;1272
BIKF;SGAS;02:10;23:11;1261
SGAS;BIKF;15:45;12:57;1272
BIKF;SGAS;10:10;07:10;1260
SGAS;BIKF;23:45;20:51;1266
BIKF;SGAS;18:10;15:22;1272
SGAS;LIRA;05:45;01:56;1211
LIRA;SGAS;04:58;00:05;1147
SGAS;LIRA;13:45;09:45;1200
LIRA;SGAS;12:58;08:00;1142
SGAS;LIRA;21:45;17:56;1211
LIRA;SGAS;20:58;16:00;1142
SGAS;EVRA;05:31;02:31;1260
EVRA;SGAS;00:00;21:10;1270
SGAS;EVRA;17:31;14:36;1265
EVRA;SGAS;12:00;09:05;1265
SGAS;ELLX;06:26;02:37;1211
ELLX;SGAS;04:49;00:03;1154
SGAS;ELLX;14:26;10:29;1203
ELLX;SGAS;12:49;08:49;1200
SGAS;ELLX;22:26;18:39;1213
ELLX;SGAS;20:49;16:58;1209
SGAS;LMML;11:29;07:35;1206
LMML;SGAS;03:59;23:59;1200
SGAS;LMML;23:29;19:35;1206
LMML;SGAS;15:59;11:07;1148
SGAS;ENGM;10:53;06:57;1204
ENGM;SGAS;02:29;22:31;1202
SGAS;ENGM;22:53;18:53;1200
ENGM;SGAS;14:29;10:38;1209
SGAS;EPMO;05:26;02:29;1263
EPMO;SGAS;05:31;02:45;1274
SGAS;EPMO;17:26;14:37;1271
EPMO;SGAS;17:31;14:37;1266
SGAS;LPPT;06:33;03:42;1269
LPPT;SGAS;05:50;02:01;1211
SGAS;LPPT;14:33;11:33;1260
LPPT;SGAS;13:50;10:53;1263
SGAS;LPPT;22:33;19:45;1272
LPPT;SGAS;21:50;18:57;1267
SGAS;EGLL;02:39;23:52;1273
EGLL;SGAS;01:27;22:36;1269
SGAS;EGLL;14:39;11:42;1263
EGLL;SGAS;13:27;10:32;1265
SGAS;ESKN;02:33;22:40;1207
ESKN;SGAS;05:17;01:21;1204
SGAS;ESKN;10:33;06:46;1213
ESKN;SGAS;13:17;09:17;1200
SGAS;ESKN;18:33;14:36;1203
ESKN;SGAS;21:17;17:30;1213
SGAS;LSZB;09:26;05:35;1209
LSZB;SGAS;07:20;03:27;1207
SGAS;LSZB;21:26;17:40;1214
LSZB;SGAS;19:20;15:27;1207
SUAA;LATI;07:55;04:02;1207
LATI;SUAA;01:32;22:34;1262
SUAA;LATI;15:55;12:00;1205
LATI;SUAA;09:32;06:45;1273
SUAA;LATI;23:55;20:01;1206
LATI;SUAA;17:32;14:37;1265
SUAA;EDDI;04:49;00:49;1200
EDDI;SUAA;02:04;22:11;1207
SUAA;EDDI;12:49;08:58;1209
EDDI;SUAA;10:04;06:04;1200
SUAA;EDDI;20:49;16:52;1203
EDDI;SUAA;18:04;14:11;1207
SUAA;LOWW;06:47;02:52;1205
LOWW;SUAA;11:54;07:07;1153
SUAA;LOWW;18:47;14:53;1206
LOWW;SUAA;23:54;19:07;1153
SUAA;EBCI;00:43;20:54;1211
EBCI;SUAA;03:02;23:08;1206
SUAA;EBCI;08:43;04:57;1214
EBCI;SUAA;11:02;07:15;1213
SUAA;EBCI;16:43;12:46;1203
EBCI;SUAA;19:02;15:16;1214
SUAA;UMMS;10:35;07:45;1270
UMMS;SUAA;11:53;08:55;1262
SUAA;UMMS;22:35;19:42;1267
UMMS;SUAA;23:53;20:00;1207
SUAA;LBSF;00:02;21:05;1263
LBSF;SUAA;04:20;01:31;1271
SUAA;LBSF;12:02;09:06;1264
LBSF;SUAA;16:20;13:20;1260
SUAA;LKPR;11:55;08:07;1212
LKPR;SUAA;09:23;06:25;1262
SUAA;LKPR;23:55;20:04;1209
LKPR;SUAA;21:23;18:24;1261
SUAA;LDZA;06:00;03:06;1266
LDZA;SUAA;01:53;22:03;1210
SUAA;LDZA;18:00;15:08;1268
LDZA;SUAA;13:53;10:56;1263
SUAA;EKCH;07:11;03:11;1200
EKCH;SUAA;06:12;02:18;1206
SUAA;EKCH;19:11;15:16;1205
EKCH;SUAA;18:12;14:21;1209
SUAA;LZIB;06:34;03:44;1270
LZIB;SUAA;04:39;01:40;1261
SUAA;LZIB;18:34;15:41;1267
LZIB;SUAA;16:39;13:41;1262
SUAA;LJLJ;11:47;08:00;1213
LJLJ;SUAA;08:37;05:43;1266
SUAA;LJLJ;23:47;20:57;1270
LJLJ;SUAA;20:37;17:42;1265
SUAA;LEMD;05:33;01:42;1209
LEMD;SUAA;03:52;23:58;1206
SUAA;LEMD;13:33;09:33;1200
LEMD;SUAA;11:52;07:06;1154
SUAA;LEMD;21:33;17:33;1200
LEMD;SUAA;19:52;15:03;1151
SUAA;EETN;02:01;23:07;1266
EETN;SUAA;03:43;00:48;1265
SUAA;EETN;14:01;11:01;1260
EETN;SUAA;15:43;12:56;1273
SUAA;EFHK;07:28;03:37;1209
EFHK;SUAA;05:08;01:11;1203
SUAA;EFHK;19:28;15:32;1204
EFHK;SUAA;17:08;13:22;1214
SUAA;LFPG;11:37;07:37;1200
LFPG;SUAA;09:42;05:54;1212
SUAA;LFPG;23:37;19:50;1213
LFPG;SUAA;21:42;17:49;1207
SUAA;LGAV;11:53;07:05;1152
LGAV;SUAA;00:35;20:43;1208
SUAA;LGAV;23:53;19:56;1203
LGAV;SUAA;12:35;08:46;1211
SUAA;EHAM;01:21;21:24;1203
EHAM;SUAA;02:30;22:31;1201
SUAA;EHAM;09:21;05:21;1200
EHAM;SUAA;10:30;06:40;1210
SUAA;EHAM;17:21;13:29;1208
EHAM;SUAA;18:30;14:39;1209
SUAA;LHBP;09:05;06:05;1260
LHBP;SUAA;08:18;05:18;1260
SUAA;LHBP;21:05;18:13;1268
LHBP;SUAA;20:18;17:28;1270
SUAA;EIDW;00:54;19:57;1143
EIDW;SUAA;01:25;20:36;1151
SUAA;EIDW;12:54;07:56;1142
EIDW;SUAA;13:25;08:36;1151
SUAA;BIKF;00:42;21:42;1260
BIKF;SUAA;09:06;06:16;1270
SUAA;BIKF;12:42;09:53;1271
BIKF;SUAA;21:06;18:13;1267
SUAA;LIRA;03:48;23:59;1211
LIRA;SUAA;09:35;05:48;1213
SUAA;LIRA;15:48;11:55;1207
LIRA;SUAA;21:35;17:46;1211
SUAA;EVRA;02:52;23:53;1261
EVRA;SUAA;01:50;22:04;1214
SUAA;EVRA;10:52;07:05;1213
EVRA;SUAA;09:50;06:01;1211
SUAA;EVRA;18:52;15:03;1211
EVRA;SUAA;17:50;14:51;1261
SUAA;ELLX;08:47;04:51;1204
ELLX;SUAA;07:24;03:37;1213
SUAA;ELLX;20:47;16:47;1200
ELLX;SUAA;19:24;15:33;1209
SUAA;LMML;06:47;02:48;1201
LMML;SUAA;03:45;23:46;1201
SUAA;LMML;14:47;10:01;1154
LMML;SUAA;11:45;07:50;1205
SUAA;LMML;22:47;18:59;1212
LMML;SUAA;19:45;15:50;1205
SUAA;ENGM;02:36;22:43;1207
ENGM;SUAA;01:03;21:03;1200
SUAA;ENGM;14:36;10:37;1201
ENGM;SUAA;13:03;09:08;1205
SUAA;EPMO;07:16;04:22;1266
EPMO;SUAA;11:04;08:07;1263
SUAA;EPMO;19:16;16:22;1266
EPMO;SUAA;23:04;20:09;1265
SUAA;LPPT;05:53;02:56;1263
LPPT;SUAA;07:52;04:59;1267
SUAA;LPPT;13:53;10:59;1266
LPPT;SUAA;15:52;12:06;1214
SUAA;LPPT;21:53;18:04;1211
LPPT;SUAA;23:52;20:01;1209
SUAA;EGLL;07:22;04:32;1270
EGLL;SUAA;11:20;08:23;1263
SUAA;EGLL;19:22;16:34;1272
EGLL;SUAA;23:20;20:30;1270
SUAA;ESKN;01:07;21:13;1206
ESKN;SUAA;05:34;01:41;1207
SUAA;ESKN;09:07;05:07;1200
ESKN;SUAA;13:34;09:40;1206
SUAA;ESKN;17:07;13:13;1206
ESKN;SUAA;21:34;17:40;1206
SUAA;LSZB;01:24;21:32;1208
LSZB;SUAA;01:55;21:04;1149
SUAA;LSZB;13:24;09:37;1213
LSZB;SUAA;13:55;09:07;1152
LATI;EDDI;00:59;15:08;849
EDDI;LATI;01:05;16:05;900
LATI;EDDI;08:59;23:04;845
EDDI;LATI;09:05;00:07;902
LATI;EDDI;16:59;07:10;851
EDDI;LATI;17:05;08:07;902
LATI;LOWW;05:37;20:50;913
LOWW;LATI;03:43;18:47;904
LATI;LOWW;13:37;04:38;901
LOWW;LATI;11:43;02:43;900
LATI;LOWW;21:37;12:50;913
LOWW;LATI;19:43;10:56;913
LATI;EBCI;06:32;21:45;913
EBCI;LATI;08:34;23:42;908
LATI;EBCI;18:32;09:38;906
EBCI;LATI;20:34;11:36;902
LATI;UMMS;10:41;00:47;846
UMMS;LATI;04:38;18:44;846
LATI;UMMS;22:41;12:51;850
UMMS;LATI;16:38;06:42;844
LATI;LBSF;04:07;18:18;851
LBSF;LATI;07:39;21:40;841
LATI;LBSF;16:07;06:09;842
LBSF;LATI;19:39;09:40;841
LATI;LKPR;03:41;17:50;849
LKPR;LATI;00:27;14:41;854
LATI;LKPR;11:41;01:43;842
LKPR;LATI;08:27;22:28;841
LATI;LKPR;19:41;09:54;853
LKPR;LATI;16:27;06:39;852
LATI;LDZA;04:08;18:20;852
LDZA;LATI;01:36;15:46;850
LATI;LDZA;16:08;06:12;844
LDZA;LATI;13:36;03:39;843
LATI;EKCH;03:04;18:08;904
EKCH;LATI;06:04;21:13;909
LATI;EKCH;15:04;06:08;904
EKCH;LATI;18:04;09:14;910
LATI;LZIB;04:51;18:59;848
LZIB;LATI;01:54;15:55;841
LATI;LZIB;16:51;06:55;844
LZIB;LATI;13:54;03:59;845
LATI;LJLJ;11:58;01:59;841
LJLJ;LATI;04:12;18:21;849
LATI;LJLJ;23:58;13:11;793
LJLJ;LATI;16:12;06:14;842
LATI;LEMD;00:08;15:21;913
LEMD;LATI;03:08;18:10;902
LATI;LEMD;08:08;23:14;906
LEMD;LATI;11:08;02:17;909
LATI;LEMD;16:08;07:16;908
LEMD;LATI;19:08;10:20;912
LATI;EETN;00:04;14:10;846
EETN;LATI;03:35;17:38;843
LATI;EETN;12:04;02:06;842
EETN;LATI;15:35;05:38;843
LATI;EFHK;03:10;18:14;904
EFHK;LATI;05:34;20:38;904
LATI;EFHK;11:10;02:24;914
EFHK;LATI;13:34;04:47;913
LATI;EFHK;19:10;10:19;909
EFHK;LATI;21:34;12:47;913
LATI;LFPG;09:58;00:11;853
LFPG;LATI;03:52;18:05;853
LATI;LFPG;21:58;12:07;849
LFPG;LATI;15:52;06:55;903
LATI;LGAV;03:00;18:08;908
LGAV;LATI;02:11;17:12;901
LATI;LGAV;15:00;06:03;903
LGAV;LATI;14:11;05:13;902
LATI;EHAM;02:58;17:04;846
EHAM;LATI;02:23;17:24;901
LATI;EHAM;14:58;05:02;844
EHAM;LATI;14:23;05:34;911
LATI;LHBP;03:23;17:35;852
LHBP;LATI;02:50;16:51;841
LATI;LHBP;15:23;05:24;841
LHBP;LATI;14:50;04:01;791
LATI;EIDW;01:11;17:19;968
EIDW;LATI;08:04;00:05;961
LATI;EIDW;13:11;05:21;970
EIDW;LATI;20:04;12:17;973
LATI;BIKF;09:34;23:48;854
BIKF;LATI;09:47;23:01;794
LATI;BIKF;21:34;11:40;846
BIKF;LATI;21:47;11:54;847
LATI;LIRA;03:22;18:35;913
LIRA;LATI;06:28;21:37;909
LATI;LIRA;15:22;06:28;906
LIRA;LATI;18:28;09:37;909
LATI;EVRA;02:55;16:09;794
EVRA;LATI;06:32;20:43;851
LATI;EVRA;14:55;04:05;790
EVRA;LATI;18:32;08:44;852
LATI;ELLX;01:52;16:55;903
ELLX;LATI;00:37;15:48;911
LATI;ELLX;13:52;04:57;905
ELLX;LATI;12:37;03:47;910
LATI;LMML;11:37;02:37;900
LMML;LATI;11:21;02:34;913
LATI;LMML;23:37;14:49;912
LMML;LATI;23:21;14:27;906
LATI;ENGM;08:11;23:22;911
ENGM;LATI;01:18;16:27;909
LATI;ENGM;20:11;11:20;909
ENGM;LATI;13:18;04:24;906
LATI;EPMO;02:58;16:09;791
EPMO;LATI;00:21;14:29;848
LATI;EPMO;14:58;04:00;782
EPMO;LATI;12:21;02:34;853
LATI;LPPT;03:09;17:12;843
LPPT;LATI;00:45;14:52;847
LATI;LPPT;11:09;01:10;841
LPPT;LATI;08:45;22:54;849
LATI;LPPT;19:09;09:21;852
LPPT;LATI;16:45;06:51;846
LATI;EGLL;09:11;23:20;849
EGLL;LATI;02:44;16:58;854
LATI;EGLL;21:11;11:20;849
EGLL;LATI;14:44;04:55;851
LATI;ESKN;09:25;00:37;912
ESKN;LATI;08:20;23:25;905
LATI;ESKN;21:25;12:25;900
ESKN;LATI;20:20;11:27;907
LATI;LSZB;05:26;20:29;903
LSZB;LATI;00:15;15:22;907
LATI;LSZB;17:26;08:31;905
LSZB;LATI;12:15;03:17;902
EDDI;LOWW;06:53;15:57;544
LOWW;EDDI;00:34;09:47;553
EDDI;LOWW;18:53;03:53;540
LOWW;EDDI;12:34;21:42;548
EDDI;EBCI;04:19;13:28;549
EBCI;EDDI;09:47;18:51;544
EDDI;EBCI;16:19;01:21;542
EBCI;EDDI;21:47;06:47;540
EDDI;UMMS;00:33;10:41;608
UMMS;EDDI;04:22;14:28;606
EDDI;UMMS;08:33;18:37;604
UMMS;EDDI;12:22;22:29;607
EDDI;UMMS;16:33;02:41;608
UMMS;EDDI;20:22;06:32;610
EDDI;LBSF;07:37;17:45;608
LBSF;EDDI;04:30;14:43;613
EDDI;LBSF;19:37;05:38;601
LBSF;EDDI;16:30;02:42;612
EDDI;LKPR;08:39;18:47;608
LKPR;EDDI;01:49;11:55;606
EDDI;LKPR;20:39;06:51;612
LKPR;EDDI;13:49;23:54;605
EDDI;LDZA;04:10;14:23;613
LDZA;EDDI;04:15;14:25;610
EDDI;LDZA;12:10;22:17;607
LDZA;EDDI;12:15;22:17;602
EDDI;LDZA;20:10;06:24;614
LDZA;EDDI;20:15;06:24;609
EDDI;EKCH;09:18;18:22;544
EKCH;EDDI;06:04;15:04;540
EDDI;EKCH;21:18;06:22;544
EKCH;EDDI;18:04;03:11;547
EDDI;LZIB;00:12;10:17;605
LZIB;EDDI;00:22;10:35;613
EDDI;LZIB;08:12;18:24;612
LZIB;EDDI;08:22;18:30;608
EDDI;LZIB;16:12;02:26;614
LZIB;EDDI;16:22;02:32;610
EDDI;LJLJ;01:17;11:24;607
LJLJ;EDDI;02:10;12:22;612
EDDI;LJLJ;13:17;23:18;601
LJLJ;EDDI;14:10;00:21;611
EDDI;LEMD;01:16;10:16;540
LEMD;EDDI;05:59;14:07;488
EDDI;LEMD;09:16;18:26;550
LEMD;EDDI;13:59;22:11;492
EDDI;LEMD;17:16;02:20;544
LEMD;EDDI;21:59;06:06;487
EDDI;EETN;08:35;18:37;602
EETN;EDDI;00:38;10:51;613
EDDI;EETN;20:35;06:40;605
EETN;EDDI;12:38;22:45;607
EDDI;EFHK;10:47;19:52;545
EFHK;EDDI;01:13;10:24;551
EDDI;EFHK;22:47;07:56;549
EFHK;EDDI;13:13;22:17;544
EDDI;LFPG;05:59;14:11;492
LFPG;EDDI;10:29;19:43;554
EDDI;LFPG;17:59;02:09;490
LFPG;EDDI;22:29;07:30;541
EDDI;LGAV;03:18;12:25;547
LGAV;EDDI;05:27;14:38;551
EDDI;LGAV;15:18;00:27;549
LGAV;EDDI;17:27;02:28;541
EDDI;EHAM;06:34;15:47;553
EHAM;EDDI;07:46;16:57;551
EDDI;EHAM;18:34;03:43;549
EHAM;EDDI;19:46;04:52;546
EDDI;LHBP;04:13;14:27;614
LHBP;EDDI;05:11;15:18;607
EDDI;LHBP;16:13;02:23;610
LHBP;EDDI;17:11;03:21;610
EDDI;EIDW;05:05;15:06;601
EIDW;EDDI;06:48;16:57;609
EDDI;EIDW;13:05;23:13;608
EIDW;EDDI;14:48;00:54;606
EDDI;EIDW;21:05;07:05;600
EIDW;EDDI;22:48;08:59;611
EDDI;BIKF;04:50;14:53;603
BIKF;EDDI;00:07;10:13;606
EDDI;BIKF;12:50;22:59;609
BIKF;EDDI;08:07;18:12;605
EDDI;BIKF;20:50;06:58;608
BIKF;EDDI;16:07;02:16;609
EDDI;LIRA;08:10;17:11;541
LIRA;EDDI;08:23;17:24;541
EDDI;LIRA;20:10;05:10;540
LIRA;EDDI;20:23;05:23;540
EDDI;EVRA;04:36;14:43;607
EVRA;EDDI;03:46;13:59;613
EDDI;EVRA;16:36;02:45;609
EVRA;EDDI;15:46;01:00;554
EDDI;ELLX;03:50;12:51;541
ELLX;EDDI;00:18;09:25;547
EDDI;ELLX;15:50;00:50;540
ELLX;EDDI;12:18;21:25;547
EDDI;LMML;02:46;11:50;544
LMML;EDDI;02:22;11:28;546
EDDI;LMML;14:46;23:46;540
LMML;EDDI;14:22;23:28;546
EDDI;ENGM;06:26;15:33;547
ENGM;EDDI;11:16;20:25;549
EDDI;ENGM;18:26;03:32;546
ENGM;EDDI;23:16;08:18;542
EDDI;EPMO;04:37;14:49;612
EPMO;EDDI;02:38;12:42;604
EDDI;EPMO;12:37;22:38;601
EPMO;EDDI;10:38;20:48;610
EDDI;EPMO;20:37;06:42;605
EPMO;EDDI;18:38;04:51;613
EDDI;LPPT;01:07;11:12;605
LPPT;EDDI;11:08;21:15;607
EDDI;LPPT;13:07;23:11;604
LPPT;EDDI;23:08;09:16;608
EDDI;EGLL;07:24;17:24;600
EGLL;EDDI;07:37;17:50;613
EDDI;EGLL;19:24;05:28;604
EGLL;EDDI;19:37;05:43;606
EDDI;ESKN;07:36;16:45;549
ESKN;EDDI;05:21;14:30;549
EDDI;ESKN;19:36;04:49;553
ESKN;EDDI;17:21;02:32;551
EDDI;LSZB;01:04;10:09;545
LSZB;EDDI;10:02;19:10;548
EDDI;LSZB;13:04;22:06;542
LSZB;EDDI;22:02;07:12;550
LOWW;EBCI;09:39;18:40;541
EBCI;LOWW;11:47;20:55;548
LOWW;EBCI;21:39;06:41;542
EBCI;LOWW;23:47;08:52;545
LOWW;UMMS;00:19;10:23;604
UMMS;LOWW;09:53;19:54;601
LOWW;UMMS;12:19;22:25;606
UMMS;LOWW;21:53;07:56;603
LOWW;LBSF;02:12;12:23;611
LBSF;LOWW;04:39;14:43;604
LOWW;LBSF;14:12;00:20;608
LBSF;LOWW;16:39;02:43;604
LOWW;LKPR;01:55;11:56;601
LKPR;LOWW;10:01;20:03;602
LOWW;LKPR;13:55;23:57;602
LKPR;LOWW;22:01;08:11;610
LOWW;LDZA;02:50;12:52;602
LDZA;LOWW;07:55;17:09;554
LOWW;LDZA;10:50;20:02;552
LDZA;LOWW;15:55;01:09;554
LOWW;LDZA;18:50;04:56;606
LDZA;LOWW;23:55;09:58;603
LOWW;EKCH;06:48;15:01;493
EKCH;LOWW;01:52;10:01;489
LOWW;EKCH;18:48;03:54;546
EKCH;LOWW;13:52;22:59;547
LOWW;LZIB;01:45;11:54;609
LZIB;LOWW;06:55;16:02;547
LOWW;LZIB;13:45;23:51;606
LZIB;LOWW;18:55;04:56;601
LOWW;LJLJ;06:41;16:50;609
LJLJ;LOWW;08:20;18:31;611
LOWW;LJLJ;18:41;04:52;611
LJLJ;LOWW;20:20;06:27;607
LOWW;LEMD;02:31;11:37;546
LEMD;LOWW;09:25;18:26;541
LOWW;LEMD;14:31;23:35;544
LEMD;LOWW;21:25;06:25;540
LOWW;EETN;00:23;10:28;605
EETN;LOWW;08:24;18:26;602
LOWW;EETN;12:23;22:25;602
EETN;LOWW;20:24;06:25;601
LOWW;EFHK;06:52;15:52;540
EFHK;LOWW;05:46;14:49;543
LOWW;EFHK;14:52;23:04;492
EFHK;LOWW;13:46;22:57;551
LOWW;EFHK;22:52;07:53;541
EFHK;LOWW;21:46;06:54;548
LOWW;LFPG;01:50;10:55;545
LFPG;LOWW;05:46;14:51;545
LOWW;LFPG;09:50;18:01;491
LFPG;LOWW;13:46;22:56;550
LOWW;LFPG;17:50;02:03;493
LFPG;LOWW;21:46;06:59;553
LOWW;LGAV;08:56;17:03;487
LGAV;LOWW;06:16;15:16;540
LOWW;LGAV;20:56;05:01;485
LGAV;LOWW;18:16;03:26;550
LOWW;EHAM;10:35;19:45;550
EHAM;LOWW;04:21;13:30;549
LOWW;EHAM;22:35;07:49;554
EHAM;LOWW;16:21;01:35;554
LOWW;LHBP;02:06;12:11;605
LHBP;LOWW;04:24;14:26;602
LOWW;LHBP;14:06;00:13;607
LHBP;LOWW;16:24;02:25;601
LOWW;EIDW;04:05;14:05;600
EIDW;LOWW;09:30;19:32;602
LOWW;EIDW;16:05;02:06;601
EIDW;LOWW;21:30;07:33;603
LOWW;BIKF;02:33;12:46;613
BIKF;LOWW;03:00;13:12;612
LOWW;BIKF;14:33;00:38;605
BIKF;LOWW;15:00;01:10;610
LOWW;LIRA;01:36;10:48;552
LIRA;LOWW;01:10;10:24;554
LOWW;LIRA;09:36;18:40;544
LIRA;LOWW;09:10;18:18;548
LOWW;LIRA;17:36;02:38;542
LIRA;LOWW;17:10;02:14;544
LOWW;EVRA;11:13;21:23;610
EVRA;LOWW;04:32;14:33;601
LOWW;EVRA;23:13;09:19;606
EVRA;LOWW;16:32;02:45;613
LOWW;ELLX;01:27;10:29;542
ELLX;LOWW;10:36;19:42;546
LOWW;ELLX;13:27;22:31;544
ELLX;LOWW;22:36;07:50;554
LOWW;LMML;07:02;16:02;540
LMML;LOWW;06:22;15:24;542
LOWW;LMML;19:02;04:04;542
LMML;LOWW;18:22;03:35;553
LOWW;ENGM;10:50;19:00;490
ENGM;LOWW;10:45;19:55;550
LOWW;ENGM;22:50;07:56;546
ENGM;LOWW;22:45;07:55;550
LOWW;EPMO;02:04;12:14;610
EPMO;LOWW;02:44;12:44;600
LOWW;EPMO;10:04;20:14;610
EPMO;LOWW;10:44;20:50;606
LOWW;EPMO;18:04;04:10;606
EPMO;LOWW;18:44;04:56;612
LOWW;LPPT;01:51;11:51;600
LPPT;LOWW;03:55;13:05;550
LOWW;LPPT;09:51;19:00;549
LPPT;LOWW;11:55;21:58;603
LOWW;LPPT;17:51;03:55;604
LPPT;LOWW;19:55;05:09;554
LOWW;EGLL;01:32;11:41;609
EGLL;LOWW;05:57;15:09;552
LOWW;EGLL;09:32;19:43;611
EGLL;LOWW;13:57;23:10;553
LOWW;EGLL;17:32;03:39;607
EGLL;LOWW;21:57;07:06;549
LOWW;ESKN;07:39;16:50;551
ESKN;LOWW;00:00;09:04;544
LOWW;ESKN;15:39;00:46;547
ESKN;LOWW;08:00;17:10;550
LOWW;ESKN;23:39;08:52;553
ESKN;LOWW;16:00;01:00;540
LOWW;LSZB;11:47;20:51;544
LSZB;LOWW;08:04;17:15;551
LOWW;LSZB;23:47;08:51;544
LSZB;LOWW;20:04;05:07;543
EBCI;UMMS;03:26;13:32;606
UMMS;EBCI;05:15;15:24;609
EBCI;UMMS;15:26;01:33;607
UMMS;EBCI;17:15;03:29;614
EBCI;LBSF;00:06;10:20;614
LBSF;EBCI;01:21;11:25;604
EBCI;LBSF;08:06;18:09;603
LBSF;EBCI;09:21;19:24;603
EBCI;LBSF;16:06;02:18;612
LBSF;EBCI;17:21;03:24;603
EBCI;LKPR;01:17;11:23;606
LKPR;EBCI;01:55;11:58;603
EBCI;LKPR;13:17;23:20;603
LKPR;EBCI;13:55;23:07;552
EBCI;LDZA;00:55;10:55;600
LDZA;EBCI;01:34;11:41;607
EBCI;LDZA;08:55;18:09;554
LDZA;EBCI;09:34;19:48;614
EBCI;LDZA;16:55;02:03;548
LDZA;EBCI;17:34;03:34;600
EBCI;EKCH;08:16;17:27;551
EKCH;EBCI;01:55;10:56;541
EBCI;EKCH;20:16;05:21;545
EKCH;EBCI;13:55;22:05;490
EBCI;LZIB;06:58;16:11;553
LZIB;EBCI;01:50;11:51;601
EBCI;LZIB;18:58;04:10;552
LZIB;EBCI;13:50;23:57;607
EBCI;LJLJ;02:11;12:22;611
LJLJ;EBCI;01:39;11:44;605
EBCI;LJLJ;14:11;00:19;608
LJLJ;EBCI;13:39;23:41;602
EBCI;LEMD;02:22;11:35;553
LEMD;EBCI;00:01;09:08;547
EBCI;LEMD;14:22;23:32;550
LEMD;EBCI;12:01;21:12;551
EBCI;EETN;10:34;20:42;608
EETN;EBCI;09:04;19:11;607
EBCI;EETN;22:34;08:44;610
EETN;EBCI;21:04;07:09;605
EBCI;EFHK;07:57;16:02;485
EFHK;EBCI;09:48;18:48;540
EBCI;EFHK;19:57;04:08;491
EFHK;EBCI;21:48;06:01;493
EBCI;LFPG;04:18;13:24;546
LFPG;EBCI;01:22;10:28;546
EBCI;LFPG;16:18;01:20;542
LFPG;EBCI;13:22;22:26;544
EBCI;LGAV;06:32;15:33;541
LGAV;EBCI;06:35;15:35;540
EBCI;LGAV;18:32;03:42;550
LGAV;EBCI;18:35;03:48;553
EBCI;EHAM;01:23;10:31;548
EHAM;EBCI;06:52;15:56;544
EBCI;EHAM;13:23;22:28;545
EHAM;EBCI;18:52;03:59;547
EBCI;LHBP;11:18;21:24;606
LHBP;EBCI;11:51;21:03;552
EBCI;LHBP;23:18;09:20;602
LHBP;EBCI;23:51;09:57;606
EBCI;EIDW;00:55;10:08;553
EIDW;EBCI;00:36;10:45;609
EBCI;EIDW;08:55;18:03;548
EIDW;EBCI;08:36;18:46;610
EBCI;EIDW;16:55;02:57;602
EIDW;EBCI;16:36;02:37;601
EBCI;BIKF;11:17;21:17;600
BIKF;EBCI;03:20;13:32;612
EBCI;BIKF;23:17;09:17;600
BIKF;EBCI;15:20;01:24;604
EBCI;LIRA;00:13;09:24;551
LIRA;EBCI;01:06;10:06;540
EBCI;LIRA;08:13;17:25;552
LIRA;EBCI;09:06;18:06;540
EBCI;LIRA;16:13;01:22;549
LIRA;EBCI;17:06;02:11;545
EBCI;EVRA;11:55;21:56;601
EVRA;EBCI;07:26;17:34;608
EBCI;EVRA;23:55;09:55;600
EVRA;EBCI;19:26;05:33;607
EBCI;ELLX;08:22;17:36;554
ELLX;EBCI;00:08;09:09;541
EBCI;ELLX;20:22;05:24;542
ELLX;EBCI;12:08;21:13;545
EBCI;LMML;06:56;15:07;491
LMML;EBCI;02:11;11:13;542
EBCI;LMML;14:56;23:57;541
LMML;EBCI;10:11;19:23;552
EBCI;LMML;22:56;07:56;540
LMML;EBCI;18:11;03:23;552
EBCI;ENGM;03:52;12:57;545
ENGM;EBCI;01:30;10:34;544
EBCI;ENGM;15:52;00:01;489
ENGM;EBCI;13:30;22:40;550
EBCI;EPMO;07:20;17:27;607
EPMO;EBCI;06:11;16:24;613
EBCI;EPMO;15:20;01:30;610
EPMO;EBCI;14:11;00:12;601
EBCI;EPMO;23:20;09:24;604
EPMO;EBCI;22:11;08:11;600
EBCI;LPPT;00:56;10:57;601
LPPT;EBCI;00:03;10:15;612
EBCI;LPPT;08:56;18:01;545
LPPT;EBCI;08:03;18:10;607
EBCI;LPPT;16:56;02:01;545
LPPT;EBCI;16:03;02:14;611
EBCI;EGLL;02:37;12:41;604
EGLL;EBCI;10:26;20:31;605
EBCI;EGLL;14:37;00:37;600
EGLL;EBCI;22:26;08:34;608
EBCI;ESKN;04:54;13:06;492
ESKN;EBCI;10:12;19:20;548
EBCI;ESKN;16:54;01:00;486
ESKN;EBCI;22:12;07:12;540
EBCI;LSZB;05:19;14:27;548
LSZB;EBCI;07:33;16:45;552
EBCI;LSZB;17:19;02:25;546
LSZB;EBCI;19:33;04:33;540
UMMS;LBSF;01:59;10:01;482
LBSF;UMMS;04:05;13:08;543
UMMS;LBSF;09:59;18:10;491
LBSF;UMMS;12:05;21:15;550
UMMS;LBSF;17:59;02:01;482
LBSF;UMMS;20:05;05:13;548
UMMS;LKPR;04:35;13:49;554
LKPR;UMMS;01:46;10:54;548
UMMS;LKPR;16:35;01:46;551
LKPR;UMMS;13:46;22:52;546
UMMS;LDZA;07:52;16:00;488
LDZA;UMMS;06:46;15:51;545
UMMS;LDZA;19:52;04:05;493
LDZA;UMMS;18:46;03:00;494
UMMS;EKCH;10:04;20:15;611
EKCH;UMMS;00:18;10:30;612
UMMS;EKCH;22:04;08:12;608
EKCH;UMMS;12:18;22:26;608
UMMS;LZIB;07:33;16:37;544
LZIB;UMMS;05:13;14:20;547
UMMS;LZIB;15:33;00:45;552
LZIB;UMMS;13:13;22:20;547
UMMS;LZIB;23:33;08:41;548
LZIB;UMMS;21:13;06:16;543
UMMS;LJLJ;03:55;12:05;490
LJLJ;UMMS;05:06;14:15;549
UMMS;LJLJ;15:55;00:05;490
LJLJ;UMMS;17:06;02:17;551
UMMS;LEMD;07:52;17:58;606
LEMD;UMMS;11:39;21:47;608
UMMS;LEMD;19:52;05:02;550
LEMD;UMMS;23:39;09:39;600
UMMS;EETN;04:07;13:11;544
EETN;UMMS;07:27;16:31;544
UMMS;EETN;12:07;21:08;541
EETN;UMMS;15:27;00:27;540
UMMS;EETN;20:07;05:09;542
EETN;UMMS;23:27;08:34;547
UMMS;EFHK;01:50;11:01;551
EFHK;UMMS;11:37;21:46;609
UMMS;EFHK;13:50;23:50;600
EFHK;UMMS;23:37;09:43;606
UMMS;LFPG;07:53;17:59;606
LFPG;UMMS;11:08;21:21;613
UMMS;LFPG;19:53;05:02;549
LFPG;UMMS;23:08;09:14;606
UMMS;LGAV;06:34;16:48;614
LGAV;UMMS;07:03;17:14;611
UMMS;LGAV;18:34;04:43;609
LGAV;UMMS;19:03;05:04;601
UMMS;EHAM;02:31;12:45;614
EHAM;UMMS;01:55;11:08;553
UMMS;EHAM;10:31;20:39;608
EHAM;UMMS;09:55;19:58;603
UMMS;EHAM;18:31;04:31;600
EHAM;UMMS;17:55;03:07;552
UMMS;LHBP;07:43;16:48;545
LHBP;UMMS;00:00;09:00;540
UMMS;LHBP;15:43;00:51;548
LHBP;UMMS;08:00;17:10;550
UMMS;LHBP;23:43;08:45;542
LHBP;UMMS;16:00;01:13;553
UMMS;EIDW;09:21;20:22;661
EIDW;UMMS;00:48;11:51;663
UMMS;EIDW;21:21;08:23;662
EIDW;UMMS;12:48;23:55;667
UMMS;BIKF;03:40;12:52;552
BIKF;UMMS;06:14;15:18;544
UMMS;BIKF;11:40;20:43;543
BIKF;UMMS;14:14;23:18;544
UMMS;BIKF;19:40;04:49;549
BIKF;UMMS;22:14;07:18;544
UMMS;LIRA;06:45;16:57;612
LIRA;UMMS;11:23;21:25;602
UMMS;LIRA;18:45;04:56;611
LIRA;UMMS;23:23;09:37;614
UMMS;EVRA;06:48;15:52;544
EVRA;UMMS;04:40;13:46;546
UMMS;EVRA;14:48;23:49;541
EVRA;UMMS;12:40;21:42;542
UMMS;EVRA;22:48;07:51;543
EVRA;UMMS;20:40;05:46;546
UMMS;ELLX;07:58;17:07;549
ELLX;UMMS;04:15;14:16;601
UMMS;ELLX;19:58;05:10;552
ELLX;UMMS;16:15;02:26;611
UMMS;LMML;00:31;10:35;604
LMML;UMMS;08:38;18:42;604
UMMS;LMML;12:31;22:35;604
LMML;UMMS;20:38;06:49;611
UMMS;ENGM;02:29;12:30;601
ENGM;UMMS;04:39;14:51;612
UMMS;ENGM;10:29;20:33;604
ENGM;UMMS;12:39;22:42;603
UMMS;ENGM;18:29;04:33;604
ENGM;UMMS;20:39;06:53;614
UMMS;EPMO;01:26;10:30;544
EPMO;UMMS;08:27;17:40;553
UMMS;EPMO;13:26;22:30;544
EPMO;UMMS;20:27;05:41;554
UMMS;LPPT;08:36;17:47;551
LPPT;UMMS;05:58;14:06;488
UMMS;LPPT;20:36;05:38;542
LPPT;UMMS;17:58;02:04;486
UMMS;EGLL;11:08;20:20;552
EGLL;UMMS;04:28;13:37;549
UMMS;EGLL;23:08;08:16;548
EGLL;UMMS;16:28;01:28;540
UMMS;ESKN;00:02;10:11;609
ESKN;UMMS;04:44;14:51;607
UMMS;ESKN;12:02;22:06;604
ESKN;UMMS;16:44;02:56;612
UMMS;LSZB;08:26;18:36;610
LSZB;UMMS;02:02;12:03;601
UMMS;LSZB;20:26;06:31;605
LSZB;UMMS;14:02;00:04;602
LBSF;LKPR;11:17;20:20;543
LKPR;LBSF;08:14;17:28;554
LBSF;LKPR;23:17;08:21;544
LKPR;LBSF;20:14;05:26;552
LBSF;LDZA;01:33;10:36;543
LDZA;LBSF;09:13;18:13;540
LBSF;LDZA;13:33;22:38;545
LDZA;LBSF;21:13;06:27;554
LBSF;EKCH;05:02;15:03;601
EKCH;LBSF;00:35;10:40;605
LBSF;EKCH;13:02;23:13;611
EKCH;LBSF;08:35;18:43;608
LBSF;EKCH;21:02;07:11;609
EKCH;LBSF;16:35;02:47;612
LBSF;LZIB;01:08;10:14;546
LZIB;LBSF;06:22;15:24;542
LBSF;LZIB;09:08;18:14;546
LZIB;LBSF;14:22;23:25;543
LBSF;LZIB;17:08;02:08;540
LZIB;LBSF;22:22;07:29;547
LBSF;LJLJ;05:39;14:51;552
LJLJ;LBSF;03:22;12:24;542
LBSF;LJLJ;13:39;22:48;549
LJLJ;LBSF;11:22;20:31;549
LBSF;LJLJ;21:39;06:48;549
LJLJ;LBSF;19:22;04:36;554
LBSF;LEMD;10:06;20:13;607
LEMD;LBSF;11:54;21:57;603
LBSF;LEMD;22:06;08:19;613
LEMD;LBSF;23:54;09:02;548
LBSF;EETN;06:33;15:42;549
EETN;LBSF;05:55;14:56;541
LBSF;EETN;18:33;03:47;554
EETN;LBSF;17:55;02:59;544
LBSF;EFHK;07:36;17:43;607
EFHK;LBSF;08:05;18:12;607
LBSF;EFHK;19:36;05:49;613
EFHK;LBSF;20:05;06:06;601
LBSF;LFPG;07:55;17:07;552
LFPG;LBSF;05:56;15:07;551
LBSF;LFPG;19:55;05:58;603
LFPG;LBSF;17:56;03:00;544
LBSF;LGAV;04:44;14:55;611
LGAV;LBSF;04:46;14:59;613
LBSF;LGAV;16:44;02:54;610
LGAV;LBSF;16:46;02:50;604
LBSF;EHAM;04:58;14:10;552
EHAM;LBSF;00:44;10:57;613
LBSF;EHAM;12:58;22:00;542
EHAM;LBSF;08:44;18:53;609
LBSF;EHAM;20:58;06:06;548
EHAM;LBSF;16:44;02:46;602
LBSF;LHBP;07:02;16:07;545
LHBP;LBSF;00:09;09:09;540
LBSF;LHBP;19:02;04:08;546
LHBP;LBSF;12:09;21:17;548
LBSF;EIDW;00:01;11:15;674
EIDW;LBSF;01:01;12:03;662
LBSF;EIDW;12:01;23:04;663
EIDW;LBSF;13:01;00:03;662
LBSF;BIKF;08:59;17:09;490
BIKF;LBSF;05:07;14:12;545
LBSF;BIKF;20:59;05:03;484
BIKF;LBSF;17:07;02:11;544
LBSF;LIRA;11:48;21:01;553
LIRA;LBSF;04:11;14:16;605
LBSF;LIRA;23:48;09:54;606
LIRA;LBSF;16:11;02:19;608
LBSF;EVRA;01:45;10:56;551
EVRA;LBSF;10:18;19:28;550
LBSF;EVRA;13:45;22:50;545
EVRA;LBSF;22:18;07:22;544
LBSF;ELLX;00:59;10:04;545
ELLX;LBSF;09:22;19:33;611
LBSF;ELLX;12:59;22:02;543
ELLX;LBSF;21:22;07:27;605
LBSF;LMML;04:38;14:51;613
LMML;LBSF;05:44;15:58;614
LBSF;LMML;12:38;22:45;607
LMML;LBSF;13:44;23:47;603
LBSF;LMML;20:38;06:44;606
LMML;LBSF;21:44;07:57;613
LBSF;ENGM;06:25;16:34;609
ENGM;LBSF;03:49;13:51;602
LBSF;ENGM;14:25;00:29;604
ENGM;LBSF;11:49;21:58;609
LBSF;ENGM;22:25;08:38;613
ENGM;LBSF;19:49;05:01;552
LBSF;EPMO;07:21;16:22;541
EPMO;LBSF;07:10;16:21;551
LBSF;EPMO;19:21;04:24;543
EPMO;LBSF;19:10;04:19;549
LBSF;LPPT;04:03;13:09;546
LPPT;LBSF;03:56;12:56;540
LBSF;LPPT;16:03;01:08;545
LPPT;LBSF;15:56;00:03;487
LBSF;EGLL;05:13;14:20;547
EGLL;LBSF;06:48;15:52;544
LBSF;EGLL;17:13;02:17;544
EGLL;LBSF;18:48;03:01;493
LBSF;ESKN;02:25;12:39;614
ESKN;LBSF;11:52;21:54;602
LBSF;ESKN;14:25;00:34;609
ESKN;LBSF;23:52;09:04;552
LBSF;LSZB;03:15;13:24;609
LSZB;LBSF;02:31;12:41;610
LBSF;LSZB;15:15;01:25;610
LSZB;LBSF;14:31;00:31;600
LKPR;LDZA;10:07;19:09;542
LDZA;LKPR;09:25;18:28;543
LKPR;LDZA;22:07;07:20;553
LDZA;LKPR;21:25;06:35;550
LKPR;EKCH;05:28;15:28;600
EKCH;LKPR;05:06;15:15;609
LKPR;EKCH;13:28;23:33;605
EKCH;LKPR;13:06;23:07;601
LKPR;EKCH;21:28;07:32;604
EKCH;LKPR;21:06;07:07;601
LKPR;LZIB;00:31;09:40;549
LZIB;LKPR;06:33;15:35;542
LKPR;LZIB;12:31;21:35;544
LZIB;LKPR;18:33;03:39;546
LKPR;LJLJ;10:37;19:46;549
LJLJ;LKPR;05:45;14:49;544
LKPR;LJLJ;22:37;07:51;554
LJLJ;LKPR;17:45;02:47;542
LKPR;LEMD;11:37;21:44;607
LEMD;LKPR;09:13;19:25;612
LKPR;LEMD;23:37;09:42;605
LEMD;LKPR;21:13;07:23;610
LKPR;EETN;03:22;12:24;542
EETN;LKPR;00:54;09:58;544
LKPR;EETN;15:22;00:28;546
EETN;LKPR;12:54;21:54;540
LKPR;EFHK;01:52;11:58;606
EFHK;LKPR;03:01;13:15;614
LKPR;EFHK;09:52;19:01;549
EFHK;LKPR;11:01;21:02;601
LKPR;EFHK;17:52;03:57;605
EFHK;LKPR;19:01;05:10;609
LKPR;LFPG;11:48;21:55;607
LFPG;LKPR;02:10;12:24;614
LKPR;LFPG;23:48;09:58;610
LFPG;LKPR;14:10;00:20;610
LKPR;LGAV;00:16;10:27;611
LGAV;LKPR;06:09;16:23;614
LKPR;LGAV;08:16;18:19;603
LGAV;LKPR;14:09;00:17;608
LKPR;LGAV;16:16;02:20;604
LGAV;LKPR;22:09;08:19;610
LKPR;EHAM;06:31;16:33;602
EHAM;LKPR;10:20;20:21;601
LKPR;EHAM;18:31;04:36;605
EHAM;LKPR;22:20;08:21;601
LKPR;LHBP;08:58;17:01;483
LHBP;LKPR;07:25;16:38;553
LKPR;LHBP;20:58;05:08;490
LHBP;LKPR;19:25;04:36;551
LKPR;EIDW;00:45;11:52;667
EIDW;LKPR;02:57;13:08;611
LKPR;EIDW;12:45;23:53;668
EIDW;LKPR;14:57;01:10;613
LKPR;BIKF;01:53;10:03;490
BIKF;LKPR;00:33;09:47;554
LKPR;BIKF;09:53;18:59;546
BIKF;LKPR;08:33;17:44;551
LKPR;BIKF;17:53;02:59;546
BIKF;LKPR;16:33;01:47;554
LKPR;LIRA;03:59;13:01;542
LIRA;LKPR;03:29;13:40;611
LKPR;LIRA;11:59;21:09;550
LIRA;LKPR;11:29;21:41;612
LKPR;LIRA;19:59;05:59;600
LIRA;LKPR;19:29;05:43;614
LKPR;EVRA;04:27;13:40;553
EVRA;LKPR;11:40;20:46;546
LKPR;EVRA;16:27;01:30;543
EVRA;LKPR;23:40;08:48;548
LKPR;ELLX;06:38;16:47;609
ELLX;LKPR;05:23;15:31;608
LKPR;ELLX;18:38;04:39;601
ELLX;LKPR;17:23;03:33;610
LKPR;LMML;04:03;14:09;606
LMML;LKPR;04:59;14:59;600
LKPR;LMML;12:03;22:13;610
LMML;LKPR;12:59;22:08;549
LKPR;LMML;20:03;06:07;604
LMML;LKPR;20:59;06:00;541
LKPR;ENGM;01:34;11:38;604
ENGM;LKPR;06:18;16:19;601
LKPR;ENGM;09:34;19:40;606
ENGM;LKPR;14:18;00:30;612
LKPR;ENGM;17:34;03:44;610
ENGM;LKPR;22:18;08:20;602
LKPR;EPMO;00:38;09:48;550
EPMO;LKPR;06:40;15:53;553
LKPR;EPMO;08:38;17:42;544
EPMO;LKPR;14:40;23:43;543
LKPR;EPMO;16:38;01:50;552
EPMO;LKPR;22:40;07:40;540
LKPR;LPPT;02:16;11:25;549
LPPT;LKPR;05:30;14:43;553
LKPR;LPPT;14:16;23:18;542
LPPT;LKPR;17:30;02:39;549
LKPR;EGLL;09:57;18:59;542
EGLL;LKPR;11:51;20:04;493
LKPR;EGLL;21:57;06:58;541
EGLL;LKPR;23:51;08:52;541
LKPR;ESKN;07:04;17:04;600
ESKN;LKPR;02:27;12:40;613
LKPR;ESKN;19:04;05:05;601
ESKN;LKPR;14:27;00:31;604
LKPR;LSZB;05:20;15:31;611
LSZB;LKPR;05:03;15:09;606
LKPR;LSZB;13:20;23:34;614
LSZB;LKPR;13:03;23:12;609
LKPR;LSZB;21:20;07:34;614
LSZB;LKPR;21:03;07:03;600
LDZA;EKCH;03:45;13:49;604
EKCH;LDZA;06:21;16:29;608
LDZA;EKCH;11:45;21:54;609
EKCH;LDZA;14:21;00:26;605
LDZA;EKCH;19:45;05:49;604
EKCH;LDZA;22:21;08:31;610
LDZA;LZIB;02:23;11:35;552
LZIB;LDZA;01:12;10:26;554
LDZA;LZIB;14:23;23:26;543
LZIB;LDZA;13:12;22:17;545
LDZA;LJLJ;04:50;13:56;546
LJLJ;LDZA;07:10;16:20;550
LDZA;LJLJ;16:50;01:59;549
LJLJ;LDZA;19:10;04:20;550
LDZA;LEMD;10:24;20:31;607
LEMD;LDZA;08:51;18:03;552
LDZA;LEMD;22:24;08:37;613
LEMD;LDZA;20:51;06:01;550
LDZA;EETN;04:10;13:15;545
EETN;LDZA;06:32;15:36;544
LDZA;EETN;12:10;21:10;540
EETN;LDZA;14:32;23:46;554
LDZA;EETN;20:10;05:12;542
EETN;LDZA;22:32;07:33;541
LDZA;EFHK;04:04;14:15;611
EFHK;LDZA;06:56;16:08;552
LDZA;EFHK;16:04;02:17;613
EFHK;LDZA;18:56;04:09;553
LDZA;LFPG;08:07;18:09;602
LFPG;LDZA;06:39;16:50;611
LDZA;LFPG;20:07;06:08;601
LFPG;LDZA;18:39;04:49;610
LDZA;LGAV;10:30;20:40;610
LGAV;LDZA;10:05;20:13;608
LDZA;LGAV;22:30;08:39;609
LGAV;LDZA;22:05;08:09;604
LDZA;EHAM;09:16;19:19;603
EHAM;LDZA;07:36;17:45;609
LDZA;EHAM;21:16;07:27;611
EHAM;LDZA;19:36;05:42;606
LDZA;LHBP;11:54;20:01;487
LHBP;LDZA;06:59;15:13;494
LDZA;LHBP;23:54;08:59;545
LHBP;LDZA;18:59;03:59;540
LDZA;EIDW;04:20;15:22;662
EIDW;LDZA;08:24;19:34;670
LDZA;EIDW;16:20;03:20;660
EIDW;LDZA;20:24;07:38;674
LDZA;BIKF;04:14;13:24;550
BIKF;LDZA;04:46;13:52;546
LDZA;BIKF;16:14;01:24;550
BIKF;LDZA;16:46;01:55;549
LDZA;LIRA;11:15;21:20;605
LIRA;LDZA;10:07;20:21;614
LDZA;LIRA;23:15;09:23;608
LIRA;LDZA;22:07;08:13;606
LDZA;EVRA;00:46;09:59;553
EVRA;LDZA;06:37;15:43;546
LDZA;EVRA;12:46;21:56;550
EVRA;LDZA;18:37;03:51;554
LDZA;ELLX;01:08;11:17;609
ELLX;LDZA;11:27;21:27;600
LDZA;ELLX;13:08;23:16;608
ELLX;LDZA;23:27;09:31;604
LDZA;LMML;00:10;10:21;611
LMML;LDZA;06:28;16:38;610
LDZA;LMML;12:10;22:12;602
LMML;LDZA;18:28;04:41;613
LDZA;ENGM;01:13;11:16;603
ENGM;LDZA;07:29;17:32;603
LDZA;ENGM;13:13;23:14;601
ENGM;LDZA;19:29;05:36;607
LDZA;EPMO;06:22;15:33;551
EPMO;LDZA;00:16;09:23;547
LDZA;EPMO;18:22;03:29;547
EPMO;LDZA;12:16;21:26;550
LDZA;LPPT;02:01;11:07;546
LPPT;LDZA;02:22;11:33;551
LDZA;LPPT;14:01;23:11;550
LPPT;LDZA;14:22;23:27;545
LDZA;EGLL;07:03;16:13;550
EGLL;LDZA;03:12;12:14;542
LDZA;EGLL;15:03;00:05;542
EGLL;LDZA;11:12;20:13;541
LDZA;EGLL;23:03;08:15;552
EGLL;LDZA;19:12;04:18;546
LDZA;ESKN;06:28;16:32;604
ESKN;LDZA;02:09;12:23;614
LDZA;ESKN;18:28;04:36;608
ESKN;LDZA;14:09;00:20;611
LDZA;LSZB;01:24;11:33;609
LSZB;LDZA;07:20;17:33;613
LDZA;LSZB;09:24;19:31;607
LSZB;LDZA;15:20;01:23;603
LDZA;LSZB;17:24;03:36;612
LSZB;LDZA;23:20;09:23;603
EKCH;LZIB;05:49;15:54;605
LZIB;EKCH;06:15;16:23;608
EKCH;LZIB;17:49;03:02;553
LZIB;EKCH;18:15;04:15;600
EKCH;LJLJ;09:38;19:44;606
LJLJ;EKCH;03:47;13:48;601
EKCH;LJLJ;21:38;07:48;610
LJLJ;EKCH;15:47;01:01;554
EKCH;LEMD;11:23;20:25;542
LEMD;EKCH;03:54;12:54;540
EKCH;LEMD;23:23;08:24;541
LEMD;EKCH;15:54;00:04;490
EKCH;EETN;10:54;20:59;605
EETN;EKCH;02:36;12:41;605
EKCH;EETN;22:54;08:01;547
EETN;EKCH;14:36;00:45;609
EKCH;EFHK;05:48;14:53;545
EFHK;EKCH;07:20;16:28;548
EKCH;EFHK;13:48;22:50;542
EFHK;EKCH;15:20;00:24;544
EKCH;EFHK;21:48;06:55;547
EFHK;EKCH;23:20;08:23;543
EKCH;LFPG;08:29;17:32;543
LFPG;EKCH;00:08;09:18;550
EKCH;LFPG;20:29;05:43;554
LFPG;EKCH;12:08;21:15;547
EKCH;LGAV;08:27;17:34;547
LGAV;EKCH;02:11;11:25;554
EKCH;LGAV;20:27;05:29;542
LGAV;EKCH;14:11;23:19;548
EKCH;EHAM;05:49;14:54;545
EHAM;EKCH;04:03;13:14;551
EKCH;EHAM;17:49;02:59;550
EHAM;EKCH;16:03;01:07;544
EKCH;LHBP;02:15;12:20;605
LHBP;EKCH;08:38;18:46;608
EKCH;LHBP;14:15;00:21;606
LHBP;EKCH;20:38;06:40;602
EKCH;EIDW;00:10;10:19;609
EIDW;EKCH;02:56;12:07;551
EKCH;EIDW;12:10;22:13;603
EIDW;EKCH;14:56;00:01;545
EKCH;BIKF;00:22;10:35;613
BIKF;EKCH;05:07;15:07;600
EKCH;BIKF;08:22;18:26;604
BIKF;EKCH;13:07;23:11;604
EKCH;BIKF;16:22;02:29;607
BIKF;EKCH;21:07;07:11;604
EKCH;LIRA;03:15;12:27;552
LIRA;EKCH;04:06;13:06;540
EKCH;LIRA;11:15;20:27;552
LIRA;EKCH;12:06;21:14;548
EKCH;LIRA;19:15;04:16;541
LIRA;EKCH;20:06;05:07;541
EKCH;EVRA;02:52;12:52;600
EVRA;EKCH;04:21;14:24;603
EKCH;EVRA;14:52;00:52;600
EVRA;EKCH;16:21;02:31;610
EKCH;ELLX;10:28;19:39;551
ELLX;EKCH;02:21;11:25;544
EKCH;ELLX;22:28;07:37;549
ELLX;EKCH;14:21;23:30;549
EKCH;LMML;09:52;18:01;489
LMML;EKCH;03:51;12:01;490
EKCH;LMML;21:52;06:59;547
LMML;EKCH;15:51;00:57;546
EKCH;ENGM;07:26;16:39;553
ENGM;EKCH;03:30;12:37;547
EKCH;ENGM;15:26;00:26;540
ENGM;EKCH;11:30;20:41;551
EKCH;ENGM;23:26;08:40;554
ENGM;EKCH;19:30;04:42;552
EKCH;EPMO;01:12;11:17;605
EPMO;EKCH;05:41;15:41;600
EKCH;EPMO;09:12;19:17;605
EPMO;EKCH;13:41;23:52;611
EKCH;EPMO;17:12;03:24;612
EPMO;EKCH;21:41;07:53;612
EKCH;LPPT;03:53;13:06;553
LPPT;EKCH;02:59;12:13;554
EKCH;LPPT;11:53;21:07;554
LPPT;EKCH;10:59;20:03;544
EKCH;LPPT;19:53;05:03;550
LPPT;EKCH;18:59;04:09;550
EKCH;EGLL;07:32;17:43;611
EGLL;EKCH;08:10;18:15;605
EKCH;EGLL;19:32;05:33;601
EGLL;EKCH;20:10;06:19;609
EKCH;ESKN;07:07;16:13;546
ESKN;EKCH;04:45;13:45;540
EKCH;ESKN;19:07;04:20;553
ESKN;EKCH;16:45;01:50;545
EKCH;LSZB;01:31;10:37;546
LSZB;EKCH;04:22;13:31;549
EKCH;LSZB;13:31;22:31;540
LSZB;EKCH;16:22;01:36;554
LZIB;LJLJ;11:09;20:23;554
LJLJ;LZIB;09:31;18:38;547
LZIB;LJLJ;23:09;08:14;545
LJLJ;LZIB;21:31;06:42;551
LZIB;LEMD;01:08;11:12;604
LEMD;LZIB;04:43;14:47;604
LZIB;LEMD;09:08;19:13;605
LEMD;LZIB;12:43;22:44;601
LZIB;LEMD;17:08;03:10;602
LEMD;LZIB;20:43;06:52;609
LZIB;EETN;03:25;12:35;550
EETN;LZIB;08:19;17:27;548
LZIB;EETN;15:25;00:36;551
EETN;LZIB;20:19;05:21;542
LZIB;EFHK;04:59;14:07;548
EFHK;LZIB;02:37;12:45;608
LZIB;EFHK;16:59;02:13;554
EFHK;LZIB;14:37;00:50;613
LZIB;LFPG;09:53;19:02;549
LFPG;LZIB;11:01;21:13;612
LZIB;LFPG;21:53;07:00;547
LFPG;LZIB;23:01;09:15;614
LZIB;LGAV;06:58;16:06;548
LGAV;LZIB;01:24;11:35;611
LZIB;LGAV;14:58;00:04;546
LGAV;LZIB;09:24;19:25;601
LZIB;LGAV;22:58;08:58;600
LGAV;LZIB;17:24;03:38;614
LZIB;EHAM;09:29;19:30;601
EHAM;LZIB;03:44;13:58;614
LZIB;EHAM;21:29;07:34;605
EHAM;LZIB;15:44;01:51;607
LZIB;LHBP;00:22;09:24;542
LHBP;LZIB;04:06;13:09;543
LZIB;LHBP;12:22;21:25;543
LHBP;LZIB;16:06;01:15;549
LZIB;EIDW;03:23;14:27;664
EIDW;LZIB;05:56;16:02;606
LZIB;EIDW;11:23;22:36;673
EIDW;LZIB;13:56;00:56;660
LZIB;EIDW;19:23;06:31;668
EIDW;LZIB;21:56;08:58;662
LZIB;BIKF;00:33;09:45;552
BIKF;LZIB;00:53;09:58;545
LZIB;BIKF;12:33;21:35;542
BIKF;LZIB;12:53;21:03;490
LZIB;LIRA;10:10;20:23;613
LIRA;LZIB;04:46;14:00;554
LZIB;LIRA;22:10;08:24;614
LIRA;LZIB;16:46;02:49;603
LZIB;EVRA;05:03;14:15;552
EVRA;LZIB;02:00;11:10;550
LZIB;EVRA;17:03;02:05;542
EVRA;LZIB;14:00;23:12;552
LZIB;ELLX;03:03;13:12;609
ELLX;LZIB;01:45;11:51;606
LZIB;ELLX;11:03;21:06;603
ELLX;LZIB;09:45;19:51;606
LZIB;ELLX;19:03;05:06;603
ELLX;LZIB;17:45;03:53;608
LZIB;LMML;10:38;20:40;602
LMML;LZIB;04:57;14:03;546
LZIB;LMML;22:38;08:40;602
LMML;LZIB;16:57;02:58;601
LZIB;ENGM;08:58;18:04;546
ENGM;LZIB;11:14;21:18;604
LZIB;ENGM;20:58;06:00;542
ENGM;LZIB;23:14;09:21;607
LZIB;EPMO;11:13;20:19;546
EPMO;LZIB;05:41;14:46;545
LZIB;EPMO;23:13;08:16;543
EPMO;LZIB;17:41;02:42;541
LZIB;LPPT;06:44;15:49;545
LPPT;LZIB;07:00;16:00;540
LZIB;LPPT;18:44;03:57;553
LPPT;LZIB;19:00;04:05;545
LZIB;EGLL;03:50;12:58;548
EGLL;LZIB;01:52;10:02;490
LZIB;EGLL;11:50;20:50;540
EGLL;LZIB;09:52;18:56;544
LZIB;EGLL;19:50;04:58;548
EGLL;LZIB;17:52;02:56;544
LZIB;ESKN;03:35;13:49;614
ESKN;LZIB;07:37;17:42;605
LZIB;ESKN;11:35;21:37;602
ESKN;LZIB;15:37;01:46;609
LZIB;ESKN;19:35;05:49;614
ESKN;LZIB;23:37;09:39;602
LZIB;LSZB;01:44;11:56;612
LSZB;LZIB;08:02;18:13;611
LZIB;LSZB;13:44;23:50;606
LSZB;LZIB;20:02;06:04;602
LJLJ;LEMD;02:25;12:31;606
LEMD;LJLJ;00:34;10:37;603
LJLJ;LEMD;14:25;00:35;610
LEMD;LJLJ;12:34;22:47;613
LJLJ;EETN;05:17;14:31;554
EETN;LJLJ;08:41;17:48;547
LJLJ;EETN;17:17;02:24;547
EETN;LJLJ;20:41;05:44;543
LJLJ;EFHK;06:07;16:12;605
EFHK;LJLJ;05:16;15:28;612
LJLJ;EFHK;14:07;00:15;608
EFHK;LJLJ;13:16;23:29;613
LJLJ;EFHK;22:07;08:07;600
EFHK;LJLJ;21:16;07:23;607
LJLJ;LFPG;05:09;15:15;606
LFPG;LJLJ;01:09;11:14;605
LJLJ;LFPG;13:09;23:22;613
LFPG;LJLJ;09:09;19:17;608
LJLJ;LFPG;21:09;07:11;602
LFPG;LJLJ;17:09;03:17;608
LJLJ;LGAV;09:35;19:46;611
LGAV;LJLJ;06:09;16:12;603
LJLJ;LGAV;21:35;07:44;609
LGAV;LJLJ;18:09;04:16;607
LJLJ;EHAM;06:18;16:26;608
EHAM;LJLJ;06:12;16:18;606
LJLJ;EHAM;14:18;00:24;606
EHAM;LJLJ;14:12;00:24;612
LJLJ;EHAM;22:18;08:31;613
EHAM;LJLJ;22:12;08:23;611
LJLJ;LHBP;03:07;12:15;548
LHBP;LJLJ;05:39;14:40;541
LJLJ;LHBP;11:07;20:12;545
LHBP;LJLJ;13:39;22:39;540
LJLJ;LHBP;19:07;04:14;547
LHBP;LJLJ;21:39;06:41;542
LJLJ;EIDW;03:43;14:52;669
EIDW;LJLJ;07:59;18:11;612
LJLJ;EIDW;11:43;22:55;672
EIDW;LJLJ;15:59;02:13;614
LJLJ;EIDW;19:43;06:52;669
EIDW;LJLJ;23:59;10:02;603
LJLJ;BIKF;06:12;15:13;541
BIKF;LJLJ;07:09;16:16;547
LJLJ;BIKF;14:12;23:16;544
BIKF;LJLJ;15:09;00:23;554
LJLJ;BIKF;22:12;07:16;544
BIKF;LJLJ;23:09;08:15;546
LJLJ;LIRA;03:17;13:29;612
LIRA;LJLJ;11:51;21:00;549
LJLJ;LIRA;15:17;01:29;612
LIRA;LJLJ;23:51;09:02;551
LJLJ;EVRA;00:06;09:10;544
EVRA;LJLJ;03:57;12:09;492
LJLJ;EVRA;12:06;21:18;552
EVRA;LJLJ;15:57;00:02;485
LJLJ;ELLX;00:21;10:23;602
ELLX;LJLJ;03:03;13:11;608
LJLJ;ELLX;08:21;18:33;612
ELLX;LJLJ;11:03;21:12;609
LJLJ;ELLX;16:21;02:33;612
ELLX;LJLJ;19:03;05:12;609
LJLJ;LMML;11:35;21:42;607
LMML;LJLJ;11:34;21:48;614
LJLJ;LMML;23:35;09:35;600
LMML;LJLJ;23:34;09:46;612
LJLJ;ENGM;01:31;11:45;614
ENGM;LJLJ;09:30;19:32;602
LJLJ;ENGM;13:31;23:41;610
ENGM;LJLJ;21:30;07:39;609
LJLJ;EPMO;00:08;09:18;550
EPMO;LJLJ;10:28;19:42;554
LJLJ;EPMO;12:08;21:22;554
EPMO;LJLJ;22:28;07:34;546
LJLJ;LPPT;05:55;14:04;489
LPPT;LJLJ;05:41;14:45;544
LJLJ;LPPT;13:55;22:55;540
LPPT;LJLJ;13:41;22:42;541
LJLJ;LPPT;21:55;06:05;490
LPPT;LJLJ;21:41;06:48;547
LJLJ;EGLL;01:41;10:46;545
EGLL;LJLJ;02:06;11:14;548
LJLJ;EGLL;13:41;22:47;546
EGLL;LJLJ;14:06;23:12;546
LJLJ;ESKN;06:11;16:22;611
ESKN;LJLJ;05:02;15:07;605
LJLJ;ESKN;18:11;04:20;609
ESKN;LJLJ;17:02;03:05;603
LJLJ;LSZB;10:39;20:52;613
LSZB;LJLJ;07:56;17:56;600
LJLJ;LSZB;22:39;08:41;602
LSZB;LJLJ;19:56;05:04;548
LEMD;EETN;10:16;20:20;604
EETN;LEMD;05:26;15:38;612
LEMD;EETN;22:16;08:23;607
EETN;LEMD;17:26;03:36;610
LEMD;EFHK;10:41;19:46;545
EFHK;LEMD;05:46;14:49;543
LEMD;EFHK;22:41;07:46;545
EFHK;LEMD;17:46;02:47;541
LEMD;LFPG;07:37;16:49;552
LFPG;LEMD;00:09;09:19;550
LEMD;LFPG;19:37;04:49;552
LFPG;LEMD;12:09;21:11;542
LEMD;LGAV;02:52;11:55;543
LGAV;LEMD;04:15;13:22;547
LEMD;LGAV;14:52;23:59;547
LGAV;LEMD;16:15;01:17;542
LEMD;EHAM;00:03;09:13;550
EHAM;LEMD;07:41;16:47;546
LEMD;EHAM;08:03;17:03;540
EHAM;LEMD;15:41;00:45;544
LEMD;EHAM;16:03;01:12;549
EHAM;LEMD;23:41;08:51;550
LEMD;LHBP;07:22;17:32;610
LHBP;LEMD;02:59;12:12;553
LEMD;LHBP;15:22;01:27;605
LHBP;LEMD;10:59;20:00;541
LEMD;LHBP;23:22;09:25;603
LHBP;LEMD;18:59;04:07;548
LEMD;EIDW;01:16;11:20;604
EIDW;LEMD;01:11;11:23;612
LEMD;EIDW;09:16;19:16;600
EIDW;LEMD;09:11;19:18;607
LEMD;EIDW;17:16;03:19;603
EIDW;LEMD;17:11;03:23;612
LEMD;BIKF;03:08;13:18;610
BIKF;LEMD;07:13;17:19;606
LEMD;BIKF;11:08;21:20;612
BIKF;LEMD;15:13;01:25;612
LEMD;BIKF;19:08;05:08;600
BIKF;LEMD;23:13;09:24;611
LEMD;LIRA;02:52;11:55;543
LIRA;LEMD;06:50;15:01;491
LEMD;LIRA;10:52;19:57;545
LIRA;LEMD;14:50;23:53;543
LEMD;LIRA;18:52;03:00;488
LIRA;LEMD;22:50;07:55;545
LEMD;EVRA;11:17;21:24;607
EVRA;LEMD;03:59;13:13;554
LEMD;EVRA;23:17;09:31;614
EVRA;LEMD;15:59;01:00;541
LEMD;ELLX;05:02;14:07;545
ELLX;LEMD;00:18;09:30;552
LEMD;ELLX;17:02;02:07;545
ELLX;LEMD;12:18;21:19;541
LEMD;LMML;00:42;09:53;551
LMML;LEMD;01:37;10:45;548
LEMD;LMML;12:42;21:45;543
LMML;LEMD;13:37;22:39;542
LEMD;ENGM;07:44;16:50;546
ENGM;LEMD;05:19;14:29;550
LEMD;ENGM;19:44;04:54;550
ENGM;LEMD;17:19;02:20;541
LEMD;EPMO;04:27;14:33;606
EPMO;LEMD;07:07;17:12;605
LEMD;EPMO;12:27;22:29;602
EPMO;LEMD;15:07;01:09;602
LEMD;EPMO;20:27;06:31;604
EPMO;LEMD;23:07;09:20;613
LEMD;LPPT;04:43;14:52;609
LPPT;LEMD;06:34;16:45;611
LEMD;LPPT;12:43;22:53;610
LPPT;LEMD;14:34;00:43;609
LEMD;LPPT;20:43;06:56;613
LPPT;LEMD;22:34;08:39;605
LEMD;EGLL;02:16;12:22;606
EGLL;LEMD;04:33;14:47;614
LEMD;EGLL;10:16;20:19;603
EGLL;LEMD;12:33;22:44;611
LEMD;EGLL;18:16;04:28;612
EGLL;LEMD;20:33;06:33;600
LEMD;ESKN;04:28;13:36;548
ESKN;LEMD;02:39;11:53;554
LEMD;ESKN;12:28;21:35;547
ESKN;LEMD;10:39;19:40;541
LEMD;ESKN;20:28;05:33;545
ESKN;LEMD;18:39;03:41;542
LEMD;LSZB;08:08;17:15;547
LSZB;LEMD;11:49;20:58;549
LEMD;LSZB;20:08;05:16;548
LSZB;LEMD;23:49;08:01;492
EETN;EFHK;02:51;12:05;554
EFHK;EETN;09:38;19:44;606
EETN;EFHK;14:51;00:58;607
EFHK;EETN;21:38;07:49;611
EETN;LFPG;01:40;11:43;603
LFPG;EETN;05:42;15:47;605
EETN;LFPG;09:40;19:54;614
LFPG;EETN;13:42;23:54;612
EETN;LFPG;17:40;03:45;605
LFPG;EETN;21:42;07:51;609
EETN;LGAV;02:00;12:04;604
LGAV;EETN;06:26;16:37;611
EETN;LGAV;10:00;20:11;611
LGAV;EETN;14:26;00:39;613
EETN;LGAV;18:00;04:01;601
LGAV;EETN;22:26;08:35;609
EETN;EHAM;04:09;14:13;604
EHAM;EETN;11:54;21:05;551
EETN;EHAM;16:09;02:20;611
EHAM;EETN;23:54;09:06;552
EETN;LHBP;02:30;11:33;543
LHBP;EETN;00:33;09:45;552
EETN;LHBP;10:30;19:37;547
LHBP;EETN;08:33;17:36;543
EETN;LHBP;18:30;03:39;549
LHBP;EETN;16:33;01:46;553
EETN;EIDW;03:29;14:29;660
EIDW;EETN;03:15;14:22;667
EETN;EIDW;11:29;22:33;664
EIDW;EETN;11:15;22:20;665
EETN;EIDW;19:29;06:32;663
EIDW;EETN;19:15;06:24;669
EETN;BIKF;06:54;15:57;543
BIKF;EETN;05:20;14:28;548
EETN;BIKF;18:54;03:06;492
BIKF;EETN;17:20;02:27;547
EETN;LIRA;00:43;10:43;600
LIRA;EETN;09:46;19:58;612
EETN;LIRA;12:43;22:45;602
LIRA;EETN;21:46;07:55;609
EETN;EVRA;00:04;09:04;540
EVRA;EETN;08:17;17:21;544
EETN;EVRA;12:04;21:15;551
EVRA;EETN;20:17;05:17;540
EETN;ELLX;10:01;20:03;602
ELLX;EETN;11:20;21:30;610
EETN;ELLX;22:01;08:03;602
ELLX;EETN;23:20;09:23;603
EETN;LMML;03:09;13:11;602
LMML;EETN;06:05;16:19;614
EETN;LMML;11:09;21:17;608
LMML;EETN;14:05;00:05;600
EETN;LMML;19:09;05:16;607
LMML;EETN;22:05;08:17;612
EETN;ENGM;04:49;14:50;601
ENGM;EETN;00:55;10:56;601
EETN;ENGM;12:49;22:59;610
ENGM;EETN;08:55;18:04;549
EETN;ENGM;20:49;06:01;552
ENGM;EETN;16:55;02:09;554
EETN;EPMO;10:11;19:22;551
EPMO;EETN;05:17;14:18;541
EETN;EPMO;22:11;07:25;554
EPMO;EETN;17:17;02:30;553
EETN;LPPT;05:15;14:17;542
LPPT;EETN;01:25;10:34;549
EETN;LPPT;17:15;02:20;545
LPPT;EETN;13:25;22:33;548
EETN;EGLL;07:09;16:18;549
EGLL;EETN;06:24;15:26;542
EETN;EGLL;15:09;00:14;545
EGLL;EETN;14:24;23:24;540
EETN;EGLL;23:09;08:12;543
EGLL;EETN;22:24;07:35;551
EETN;ESKN;00:44;10:55;611
ESKN;EETN;05:12;15:13;601
EETN;ESKN;12:44;22:58;614
ESKN;EETN;17:12;03:18;606
EETN;LSZB;01:34;11:38;604
LSZB;EETN;04:58;14:11;553
EETN;LSZB;13:34;23:37;603
LSZB;EETN;16:58;02:12;554
EFHK;LFPG;00:36;09:47;551
LFPG;EFHK;10:26;19:39;553
EFHK;LFPG;12:36;21:44;548
LFPG;EFHK;22:26;07:31;545
EFHK;LGAV;05:51;14:51;540
LGAV;EFHK;02:29;11:29;540
EFHK;LGAV;13:51;22:54;543
LGAV;EFHK;10:29;19:35;546
EFHK;LGAV;21:51;06:02;491
LGAV;EFHK;18:29;03:35;546
EFHK;EHAM;00:33;09:43;550
EHAM;EFHK;02:49;11:57;548
EFHK;EHAM;12:33;21:44;551
EHAM;EFHK;14:49;23:03;494
EFHK;LHBP;00:27;10:32;605
LHBP;EFHK;02:57;12:09;552
EFHK;LHBP;12:27;22:33;606
LHBP;EFHK;14:57;00:00;543
EFHK;EIDW;06:56;16:05;549
EIDW;EFHK;05:48;15:53;605
EFHK;EIDW;14:56;00:57;601
EIDW;EFHK;13:48;23:00;552
EFHK;EIDW;22:56;08:56;600
EIDW;EFHK;21:48;07:58;610
EFHK;BIKF;01:22;11:31;609
BIKF;EFHK;10:49;20:57;608
EFHK;BIKF;13:22;23:22;600
BIKF;EFHK;22:49;08:01;552
EFHK;LIRA;04:23;13:24;541
LIRA;EFHK;11:03;20:08;545
EFHK;LIRA;16:23;01:25;542
LIRA;EFHK;23:03;08:06;543
EFHK;EVRA;07:49;17:59;610
EVRA;EFHK;00:56;10:07;551
EFHK;EVRA;19:49;05:55;606
EVRA;EFHK;12:56;22:09;553
EFHK;ELLX;10:48;19:51;543
ELLX;EFHK;02:38;11:43;545
EFHK;ELLX;22:48;07:49;541
ELLX;EFHK;14:38;23:46;548
EFHK;LMML;07:27;16:28;541
LMML;EFHK;02:30;11:41;551
EFHK;LMML;19:27;04:36;549
LMML;EFHK;14:30;23:44;554
EFHK;ENGM;08:14;17:25;551
ENGM;EFHK;09:40;18:48;548
EFHK;ENGM;20:14;05:14;540
ENGM;EFHK;21:40;06:43;543
EFHK;EPMO;05:34;15:41;607
EPMO;EFHK;05:11;15:19;608
EFHK;EPMO;17:34;03:43;609
EPMO;EFHK;17:11;03:11;600
EFHK;LPPT;10:48;20:50;602
LPPT;EFHK;02:10;12:23;613
EFHK;LPPT;22:48;08:49;601
LPPT;EFHK;14:10;00:11;601
EFHK;EGLL;09:54;19:56;602
EGLL;EFHK;06:15;16:24;609
EFHK;EGLL;21:54;07:59;605
EGLL;EFHK;18:15;04:25;610
EFHK;ESKN;07:34;16:37;543
ESKN;EFHK;00:44;09:47;543
EFHK;ESKN;19:34;04:42;548
ESKN;EFHK;12:44;21:44;540
EFHK;LSZB;04:13;13:18;545
LSZB;EFHK;05:32;14:35;543
EFHK;LSZB;12:13;21:14;541
LSZB;EFHK;13:32;22:46;554
EFHK;LSZB;20:13;05:24;551
LSZB;EFHK;21:32;06:46;554
LFPG;LGAV;05:37;14:37;540
LGAV;LFPG;03:32;12:42;550
LFPG;LGAV;13:37;22:43;546
LGAV;LFPG;11:32;20:44;552
LFPG;LGAV;21:37;06:38;541
LGAV;LFPG;19:32;04:46;554
LFPG;EHAM;06:26;15:34;548
EHAM;LFPG;02:15;11:21;546
LFPG;EHAM;18:26;03:32;546
EHAM;LFPG;14:15;23:28;553
LFPG;LHBP;07:34;17:44;610
LHBP;LFPG;03:41;13:55;614
LFPG;LHBP;19:34;05:43;609
LHBP;LFPG;15:41;01:50;609
LFPG;EIDW;09:56;19:08;552
EIDW;LFPG;01:54;11:55;601
LFPG;EIDW;21:56;07:59;603
EIDW;LFPG;13:54;23:58;604
LFPG;BIKF;01:49;11:55;606
BIKF;LFPG;07:59;17:10;551
LFPG;BIKF;09:49;19:00;551
BIKF;LFPG;15:59;01:12;553
LFPG;BIKF;17:49;03:52;603
BIKF;LFPG;23:59;09:05;546
LFPG;LIRA;06:49;15:53;544
LIRA;LFPG;02:19;11:20;541
LFPG;LIRA;18:49;03:03;494
LIRA;LFPG;14:19;23:27;548
LFPG;EVRA;07:53;17:03;550
EVRA;LFPG;08:03;18:10;607
LFPG;EVRA;19:53;05:03;550
EVRA;LFPG;20:03;06:15;612
LFPG;ELLX;09:25;18:36;551
ELLX;LFPG;07:13;16:24;551
LFPG;ELLX;21:25;06:39;554
ELLX;LFPG;19:13;04:13;540
LFPG;LMML;03:28;12:34;546
LMML;LFPG;01:51;10:00;489
LFPG;LMML;15:28;00:36;548
LMML;LFPG;13:51;22:56;545
LFPG;ENGM;10:01;19:07;546
ENGM;LFPG;11:18;20:23;545
LFPG;ENGM;22:01;07:07;546
ENGM;LFPG;23:18;08:29;551
LFPG;EPMO;07:21;17:35;614
EPMO;LFPG;03:12;13:22;610
LFPG;EPMO;15:21;01:34;613
EPMO;LFPG;11:12;21:22;610
LFPG;EPMO;23:21;09:30;609
EPMO;LFPG;19:12;05:18;606
LFPG;LPPT;00:28;10:28;600
LPPT;LFPG;03:05;13:15;610
LFPG;LPPT;08:28;18:41;613
LPPT;LFPG;11:05;21:16;611
LFPG;LPPT;16:28;02:31;603
LPPT;LFPG;19:05;05:10;605
LFPG;EGLL;04:44;14:52;608
EGLL;LFPG;01:54;11:58;604
LFPG;EGLL;16:44;02:51;607
EGLL;LFPG;13:54;23:54;600
LFPG;ESKN;00:22;09:31;549
ESKN;LFPG;02:09;11:20;551
LFPG;ESKN;12:22;21:25;543
ESKN;LFPG;14:09;23:12;543
LFPG;LSZB;11:51;20:58;547
LSZB;LFPG;03:03;12:08;545
LFPG;LSZB;23:51;08:02;491
LSZB;LFPG;15:03;00:08;545
LGAV;EHAM;02:50;11:02;492
EHAM;LGAV;01:31;10:40;549
LGAV;EHAM;10:50;19:54;544
EHAM;LGAV;09:31;18:31;540
LGAV;EHAM;18:50;03:55;545
EHAM;LGAV;17:31;02:33;542
LGAV;LHBP;02:32;12:37;605
LHBP;LGAV;01:00;11:06;606
LGAV;LHBP;10:32;20:39;607
LHBP;LGAV;09:00;19:04;604
LGAV;LHBP;18:32;04:34;602
LHBP;LGAV;17:00;03:01;601
LGAV;EIDW;02:33;12:44;611
EIDW;LGAV;04:11;14:15;604
LGAV;EIDW;10:33;20:39;606
EIDW;LGAV;12:11;22:13;602
LGAV;EIDW;18:33;04:37;604
EIDW;LGAV;20:11;06:23;612
LGAV;BIKF;04:09;14:09;600
BIKF;LGAV;04:09;14:21;612
LGAV;BIKF;12:09;22:19;610
BIKF;LGAV;12:09;22:16;607
LGAV;BIKF;20:09;06:18;609
BIKF;LGAV;20:09;06:09;600
LGAV;LIRA;02:55;11:03;488
LIRA;LGAV;01:45;10:47;542
LGAV;LIRA;10:55;19:59;544
LIRA;LGAV;09:45;18:56;551
LGAV;LIRA;18:55;03:08;493
LIRA;LGAV;17:45;02:48;543
LGAV;EVRA;03:08;13:13;605
EVRA;LGAV;05:12;15:22;610
LGAV;EVRA;15:08;01:21;613
EVRA;LGAV;17:12;03:22;610
LGAV;ELLX;06:26;15:26;540
ELLX;LGAV;03:49;12:55;546
LGAV;ELLX;14:26;23:33;547
ELLX;LGAV;11:49;20:53;544
LGAV;ELLX;22:26;07:31;545
ELLX;LGAV;19:49;04:57;548
LGAV;LMML;06:28;15:41;553
LMML;LGAV;03:20;12:21;541
LGAV;LMML;14:28;23:42;554
LMML;LGAV;11:20;20:23;543
LGAV;LMML;22:28;07:32;544
LMML;LGAV;19:20;04:27;547
LGAV;ENGM;10:46;19:54;548
ENGM;LGAV;01:44;10:46;542
LGAV;ENGM;22:46;07:46;540
ENGM;LGAV;13:44;22:48;544
LGAV;EPMO;02:41;12:47;606
EPMO;LGAV;06:20;16:22;602
LGAV;EPMO;10:41;20:50;609
EPMO;LGAV;14:20;00:27;607
LGAV;EPMO;18:41;04:51;610
EPMO;LGAV;22:20;08:21;601
LGAV;LPPT;02:02;12:08;606
LPPT;LGAV;09:41;19:50;609
LGAV;LPPT;14:02;00:09;607
LPPT;LGAV;21:41;07:53;612
LGAV;EGLL;05:43;15:57;614
EGLL;LGAV;06:48;16:51;603
LGAV;EGLL;17:43;03:57;614
EGLL;LGAV;18:48;04:49;601
LGAV;ESKN;10:47;19:59;552
ESKN;LGAV;03:30;12:33;543
LGAV;ESKN;22:47;07:50;543
ESKN;LGAV;15:30;00:43;553
LGAV;LSZB;06:36;15:36;540
LSZB;LGAV;05:31;14:45;554
LGAV;LSZB;14:36;23:36;540
LSZB;LGAV;13:31;22:39;548
LGAV;LSZB;22:36;07:45;549
LSZB;LGAV;21:31;06:35;544
EHAM;LHBP;05:44;15:55;611
LHBP;EHAM;01:52;11:06;554
EHAM;LHBP;17:44;03:54;610
LHBP;EHAM;13:52;23:04;552
EHAM;EIDW;01:17;11:18;601
EIDW;EHAM;04:03;14:16;613
EHAM;EIDW;09:17;19:28;611
EIDW;EHAM;12:03;22:09;606
EHAM;EIDW;17:17;03:22;605
EIDW;EHAM;20:03;06:06;603
EHAM;BIKF;01:31;11:32;601
BIKF;EHAM;09:32;19:46;614
EHAM;BIKF;13:31;23:40;609
BIKF;EHAM;21:32;07:38;606
EHAM;LIRA;06:09;15:10;541
LIRA;EHAM;08:32;17:36;544
EHAM;LIRA;18:09;03:09;540
LIRA;EHAM;20:32;05:32;540
EHAM;EVRA;07:02;17:09;607
EVRA;EHAM;01:31;11:32;601
EHAM;EVRA;19:02;05:15;613
EVRA;EHAM;13:31;23:32;601
EHAM;ELLX;01:03;10:07;544
ELLX;EHAM;10:33;19:45;552
EHAM;ELLX;13:03;22:12;549
ELLX;EHAM;22:33;07:41;548
EHAM;LMML;10:25;19:37;552
LMML;EHAM;07:13;16:19;546
EHAM;LMML;22:25;07:38;553
LMML;EHAM;19:13;04:22;549
EHAM;ENGM;10:35;19:49;554
ENGM;EHAM;00:21;09:31;550
EHAM;ENGM;22:35;07:40;545
ENGM;EHAM;12:21;21:25;544
EHAM;EPMO;02:44;12:47;603
EPMO;EHAM;02:23;12:25;602
EHAM;EPMO;10:44;20:44;600
EPMO;EHAM;10:23;20:28;605
EHAM;EPMO;18:44;04:56;612
EPMO;EHAM;18:23;04:28;605
EHAM;LPPT;05:45;15:46;601
LPPT;EHAM;00:24;10:26;602
EHAM;LPPT;13:45;23:59;614
LPPT;EHAM;08:24;18:29;605
EHAM;LPPT;21:45;07:55;610
LPPT;EHAM;16:24;02:38;614
EHAM;EGLL;06:09;16:20;611
EGLL;EHAM;08:09;18:23;614
EHAM;EGLL;18:09;04:15;606
EGLL;EHAM;20:09;06:22;613
EHAM;ESKN;06:12;15:16;544
ESKN;EHAM;11:33;20:43;550
EHAM;ESKN;18:12;03:12;540
ESKN;EHAM;23:33;08:45;552
EHAM;LSZB;05:09;14:16;547
LSZB;EHAM;04:01;13:15;554
EHAM;LSZB;17:09;02:17;548
LSZB;EHAM;16:01;01:10;549
LHBP;EIDW;09:55;20:59;664
EIDW;LHBP;09:14;20:26;672
LHBP;EIDW;21:55;08:05;610
EIDW;LHBP;21:14;08:18;664
LHBP;BIKF;03:43;12:50;547
BIKF;LHBP;06:03;15:14;551
LHBP;BIKF;15:43;00:48;545
BIKF;LHBP;18:03;03:14;551
LHBP;LIRA;06:32;16:33;601
LIRA;LHBP;07:00;17:05;605
LHBP;LIRA;18:32;04:39;607
LIRA;LHBP;19:00;05:03;603
LHBP;EVRA;09:51;18:58;547
EVRA;LHBP;01:18;10:27;549
LHBP;EVRA;21:51;06:51;540
EVRA;LHBP;13:18;22:18;540
LHBP;ELLX;00:41;10:49;608
ELLX;LHBP;08:50;18:54;604
LHBP;ELLX;12:41;22:43;602
ELLX;LHBP;20:50;06:50;600
LHBP;LMML;03:18;13:24;606
LMML;LHBP;03:21;13:24;603
LHBP;LMML;15:18;01:26;608
LMML;LHBP;15:21;01:24;603
LHBP;ENGM;07:09;17:12;603
ENGM;LHBP;00:28;10:37;609
LHBP;ENGM;19:09;05:14;605
ENGM;LHBP;12:28;22:32;604
LHBP;EPMO;02:02;11:16;554
EPMO;LHBP;04:35;13:38;543
LHBP;EPMO;14:02;23:07;545
EPMO;LHBP;16:35;01:36;541
LHBP;LPPT;07:26;16:30;544
LPPT;LHBP;07:15;16:29;554
LHBP;LPPT;19:26;04:34;548
LPPT;LHBP;19:15;04:16;541
LHBP;EGLL;01:44;10:47;543
EGLL;LHBP;10:20;19:26;546
LHBP;EGLL;13:44;22:45;541
EGLL;LHBP;22:20;07:27;547
LHBP;ESKN;00:55;10:59;604
ESKN;LHBP;04:12;14:22;610
LHBP;ESKN;12:55;22:07;552
ESKN;LHBP;16:12;02:21;609
LHBP;LSZB;07:10;17:19;609
LSZB;LHBP;01:36;11:40;604
LHBP;LSZB;15:10;01:17;607
LSZB;LHBP;09:36;19:46;610
LHBP;LSZB;23:10;09:15;605
LSZB;LHBP;17:36;03:37;601
EIDW;BIKF;05:04;16:11;667
BIKF;EIDW;01:53;12:04;611
EIDW;BIKF;17:04;04:08;664
BIKF;EIDW;13:53;00:57;664
EIDW;LIRA;11:45;21:46;601
LIRA;EIDW;05:30;15:41;611
EIDW;LIRA;23:45;09:47;602
LIRA;EIDW;17:30;03:38;608
EIDW;EVRA;02:22;13:28;666
EVRA;EIDW;06:04;17:07;663
EIDW;EVRA;10:22;21:29;667
EVRA;EIDW;14:04;01:18;674
EIDW;EVRA;18:22;05:33;671
EVRA;EIDW;22:04;09:07;663
EIDW;ELLX;07:26;17:29;603
ELLX;EIDW;07:59;17:06;547
EIDW;ELLX;15:26;01:26;600
ELLX;EIDW;15:59;01:02;543
EIDW;ELLX;23:26;09:26;600
ELLX;EIDW;23:59;09:04;545
EIDW;LMML;10:01;20:13;612
LMML;EIDW;09:35;19:48;613
EIDW;LMML;22:01;08:13;612
LMML;EIDW;21:35;07:38;603
EIDW;ENGM;04:38;14:49;611
ENGM;EIDW;08:24;18:35;611
EIDW;ENGM;16:38;02:43;605
ENGM;EIDW;20:24;06:27;603
EIDW;EPMO;05:32;16:44;672
EPMO;EIDW;05:59;16:00;601
EIDW;EPMO;17:32;04:44;672
EPMO;EIDW;17:59;04:10;611
EIDW;LPPT;04:31;15:42;671
LPPT;EIDW;03:45;14:55;670
EIDW;LPPT;12:31;23:32;661
LPPT;EIDW;11:45;22:55;670
EIDW;LPPT;20:31;07:44;673
LPPT;EIDW;19:45;06:45;660
EIDW;EGLL;03:53;14:04;611
EGLL;EIDW;00:02;11:09;667
EIDW;EGLL;15:53;02:02;609
EGLL;EIDW;12:02;23:09;667
EIDW;ESKN;00:01;10:01;600
ESKN;EIDW;02:51;12:51;600
EIDW;ESKN;08:01;18:14;613
ESKN;EIDW;10:51;20:56;605
EIDW;ESKN;16:01;02:06;605
ESKN;EIDW;18:51;04:01;550
EIDW;LSZB;00:41;10:54;613
LSZB;EIDW;06:14;16:19;605
EIDW;LSZB;12:41;22:53;612
LSZB;EIDW;18:14;04:24;610
BIKF;LIRA;08:21;18:21;600
LIRA;BIKF;07:36;17:44;608
BIKF;LIRA;20:21;06:25;604
LIRA;BIKF;19:36;05:48;612
BIKF;EVRA;04:59;13:02;483
EVRA;BIKF;08:50;17:02;492
BIKF;EVRA;16:59;01:11;492
EVRA;BIKF;20:50;05:00;490
BIKF;ELLX;10:23;20:27;604
ELLX;BIKF;08:10;18:14;604
BIKF;ELLX;22:23;08:32;609
ELLX;BIKF;20:10;06:13;603
BIKF;LMML;08:17;18:23;606
LMML;BIKF;02:46;12:00;554
BIKF;LMML;20:17;06:29;612
LMML;BIKF;14:46;00:54;608
BIKF;ENGM;07:40;17:44;604
ENGM;BIKF;01:04;11:10;606
BIKF;ENGM;19:40;05:45;605
ENGM;BIKF;13:04;23:17;613
BIKF;EPMO;07:08;16:10;542
EPMO;BIKF;03:35;12:41;546
BIKF;EPMO;15:08;00:20;552
EPMO;BIKF;11:35;20:42;547
BIKF;EPMO;23:08;08:14;546
EPMO;BIKF;19:35;04:44;549
BIKF;LPPT;07:53;16:02;489
LPPT;BIKF;09:41;18:50;549
BIKF;LPPT;19:53;04:53;540
LPPT;BIKF;21:41;06:51;550
BIKF;EGLL;08:23;17:27;544
EGLL;BIKF;07:56;16:09;493
BIKF;EGLL;20:23;05:36;553
EGLL;BIKF;19:56;04:02;486
BIKF;ESKN;06:00;16:05;605
ESKN;BIKF;06:49;16:58;609
BIKF;ESKN;18:00;04:13;613
ESKN;BIKF;18:49;04:01;552
BIKF;LSZB;05:19;15:22;603
LSZB;BIKF;02:53;12:58;605
BIKF;LSZB;13:19;23:21;602
LSZB;BIKF;10:53;20:04;551
BIKF;LSZB;21:19;07:24;605
LSZB;BIKF;18:53;04:56;603
LIRA;EVRA;02:47;12:47;600
EVRA;LIRA;07:30;17:37;607
LIRA;EVRA;14:47;00:54;607
EVRA;LIRA;19:30;05:41;611
LIRA;ELLX;10:52;19:00;488
ELLX;LIRA;04:22;13:25;543
LIRA;ELLX;22:52;07:03;491
ELLX;LIRA;16:22;01:24;542
LIRA;LMML;11:53;20:06;493
LMML;LIRA;11:37;20:40;543
LIRA;LMML;23:53;08:07;494
LMML;LIRA;23:37;08:47;550
LIRA;ENGM;01:28;10:34;546
ENGM;LIRA;03:43;12:55;552
LIRA;ENGM;09:28;18:38;550
ENGM;LIRA;11:43;20:57;554
LIRA;ENGM;17:28;02:31;543
ENGM;LIRA;19:43;04:56;553
LIRA;EPMO;07:33;17:42;609
EPMO;LIRA;02:44;12:48;604
LIRA;EPMO;19:33;05:38;605
EPMO;LIRA;14:44;00:49;605
LIRA;LPPT;01:28;11:40;612
LPPT;LIRA;04:45;14:47;602
LIRA;LPPT;13:28;23:36;608
LPPT;LIRA;16:45;02:50;605
LIRA;EGLL;03:19;13:24;605
EGLL;LIRA;05:10;15:20;610
LIRA;EGLL;11:19;21:33;614
EGLL;LIRA;13:10;23:18;608
LIRA;EGLL;19:19;05:20;601
EGLL;LIRA;21:10;07:10;600
LIRA;ESKN;09:36;18:45;549
ESKN;LIRA;01:59;10:10;491
LIRA;ESKN;21:36;06:38;542
ESKN;LIRA;13:59;22:59;540
LIRA;LSZB;00:27;09:35;548
LSZB;LIRA;03:00;12:02;542
LIRA;LSZB;12:27;21:32;545
LSZB;LIRA;15:00;00:03;543
EVRA;ELLX;06:35;16:45;610
ELLX;EVRA;01:04;11:07;603
EVRA;ELLX;14:35;00:42;607
ELLX;EVRA;09:04;19:16;612
EVRA;ELLX;22:35;08:44;609
ELLX;EVRA;17:04;03:14;610
EVRA;LMML;10:46;20:52;606
LMML;EVRA;10:27;20:31;604
EVRA;LMML;22:46;08:51;605
LMML;EVRA;22:27;08:41;614
EVRA;ENGM;07:39;17:43;604
ENGM;EVRA;02:25;12:35;610
EVRA;ENGM;15:39;01:43;604
ENGM;EVRA;10:25;20:30;605
EVRA;ENGM;23:39;09:49;610
ENGM;EVRA;18:25;04:32;607
EVRA;EPMO;06:40;15:44;544
EPMO;EVRA;01:04;10:17;553
EVRA;EPMO;18:40;03:49;549
EPMO;EVRA;13:04;22:14;550
EVRA;LPPT;05:44;14:44;540
LPPT;EVRA;03:41;12:42;541
EVRA;LPPT;17:44;02:48;544
LPPT;EVRA;15:41;00:44;543
EVRA;EGLL;00:51;09:51;540
EGLL;EVRA;02:54;11:02;488
EVRA;EGLL;08:51;17:56;545
EGLL;EVRA;10:54;19:03;489
EVRA;EGLL;16:51;01:00;489
EGLL;EVRA;18:54;03:01;487
EVRA;ESKN;02:58;12:58;600
ESKN;EVRA;00:13;10:24;611
EVRA;ESKN;14:58;00:10;552
ESKN;EVRA;12:13;22:18;605
EVRA;LSZB;05:21;15:34;613
LSZB;EVRA;06:25;16:36;611
EVRA;LSZB;17:21;03:27;606
LSZB;EVRA;18:25;04:30;605
ELLX;LMML;02:48;11:00;492
LMML;ELLX;03:15;12:20;545
ELLX;LMML;10:48;19:58;550
LMML;ELLX;11:15;20:25;550
ELLX;LMML;18:48;03:50;542
LMML;ELLX;19:15;04:24;549
ELLX;ENGM;10:04;19:13;549
ENGM;ELLX;07:45;16:51;546
ELLX;ENGM;22:04;07:16;552
ENGM;ELLX;19:45;04:54;549
ELLX;EPMO;09:10;19:14;604
EPMO;ELLX;04:52;14:04;552
ELLX;EPMO;21:10;07:12;602
EPMO;ELLX;16:52;02:02;550
ELLX;LPPT;11:41;21:41;600
LPPT;ELLX;05:08;15:14;606
ELLX;LPPT;23:41;09:51;610
LPPT;ELLX;17:08;03:10;602
ELLX;EGLL;03:37;13:44;607
EGLL;ELLX;08:29;18:41;612
ELLX;EGLL;15:37;01:47;610
EGLL;ELLX;20:29;06:31;602
ELLX;ESKN;02:14;11:17;543
ESKN;ELLX;00:28;09:42;554
ELLX;ESKN;14:14;23:23;549
ESKN;ELLX;12:28;21:31;543
ELLX;LSZB;01:02;10:12;550
LSZB;ELLX;02:00;11:10;550
ELLX;LSZB;13:02;22:06;544
LSZB;ELLX;14:00;23:08;548
LMML;ENGM;10:48;19:53;545
ENGM;LMML;10:51;19:57;546
LMML;ENGM;22:48;07:00;492
ENGM;LMML;22:51;07:59;548
LMML;EPMO;03:51;13:02;551
EPMO;LMML;05:55;15:58;603
LMML;EPMO;11:51;21:52;601
EPMO;LMML;13:55;23:03;548
LMML;EPMO;19:51;05:03;552
EPMO;LMML;21:55;07:06;551
LMML;LPPT;11:32;21:38;606
LPPT;LMML;10:14;20:21;607
LMML;LPPT;23:32;09:45;613
LPPT;LMML;22:14;08:19;605
LMML;EGLL;06:46;16:54;608
EGLL;LMML;00:10;10:24;614
LMML;EGLL;18:46;04:54;608
EGLL;LMML;12:10;22:15;605
LMML;ESKN;03:44;12:54;550
ESKN;LMML;08:48;17:52;544
LMML;ESKN;15:44;00:52;548
ESKN;LMML;20:48;05:02;494
LMML;LSZB;08:19;17:23;544
LSZB;LMML;04:24;13:26;542
LMML;LSZB;20:19;05:19;540
LSZB;LMML;16:24;01:32;548
ENGM;EPMO;01:13;11:23;610
EPMO;ENGM;08:42;18:47;605
ENGM;EPMO;13:13;23:25;612
EPMO;ENGM;20:42;06:52;610
ENGM;LPPT;07:19;17:30;611
LPPT;ENGM;02:30;12:44;614
ENGM;LPPT;15:19;01:30;611
LPPT;ENGM;10:30;20:40;610
ENGM;LPPT;23:19;09:20;601
LPPT;ENGM;18:30;04:37;607
ENGM;EGLL;11:10;21:11;601
EGLL;ENGM;04:03;14:06;603
ENGM;EGLL;23:10;09:21;611
EGLL;ENGM;16:03;02:05;602
ENGM;ESKN;06:33;15:47;554
ESKN;ENGM;03:12;12:25;553
ENGM;ESKN;14:33;23:44;551
ESKN;ENGM;11:12;20:24;552
ENGM;ESKN;22:33;07:44;551
ESKN;ENGM;19:12;04:26;554
ENGM;LSZB;06:47;15:55;548
LSZB;ENGM;01:53;10:01;488
ENGM;LSZB;18:47;03:48;541
LSZB;ENGM;13:53;22:05;492
EPMO;LPPT;01:43;10:51;548
LPPT;EPMO;06:11;15:19;548
EPMO;LPPT;09:43;18:43;540
LPPT;EPMO;14:11;23:19;548
EPMO;LPPT;17:43;02:52;549
LPPT;EPMO;22:11;07:22;551
EPMO;EGLL;01:02;10:15;553
EGLL;EPMO;05:54;14:01;487
EPMO;EGLL;13:02;22:09;547
EGLL;EPMO;17:54;02:08;494
EPMO;ESKN;06:45;16:59;614
ESKN;EPMO;02:26;12:27;601
EPMO;ESKN;14:45;00:54;609
ESKN;EPMO;10:26;20:34;608
EPMO;ESKN;22:45;08:47;602
ESKN;EPMO;18:26;04:32;606
EPMO;LSZB;03:33;13:34;601
LSZB;EPMO;01:25;11:33;608
EPMO;LSZB;15:33;01:34;601
LSZB;EPMO;13:25;23:33;608
LPPT;EGLL;08:06;17:09;543
EGLL;LPPT;11:33;20:47;554
LPPT;EGLL;20:06;05:20;554
EGLL;LPPT;23:33;08:36;543
LPPT;ESKN;04:50;14:50;600
ESKN;LPPT;05:55;15:59;604
LPPT;ESKN;16:50;02:59;609
ESKN;LPPT;17:55;03:02;547
LPPT;LSZB;06:49;16:58;609
LSZB;LPPT;04:21;14:27;606
LPPT;LSZB;14:49;00:02;553
LSZB;LPPT;12:21;22:28;607
LPPT;LSZB;22:49;08:58;609
LSZB;LPPT;20:21;06:34;613
EGLL;ESKN;09:49;19:55;606
ESKN;EGLL;03:15;13:26;611
EGLL;ESKN;21:49;07:49;600
ESKN;EGLL;15:15;01:22;607
EGLL;LSZB;03:02;13:03;601
LSZB;EGLL;06:04;16:13;609
EGLL;LSZB;11:02;21:10;608
LSZB;EGLL;14:04;00:11;607
EGLL;LSZB;19:02;05:10;608
LSZB;EGLL;22:04;08:18;614
ESKN;LSZB;00:00;09:03;543
LSZB;ESKN;05:16;14:30;554
ESKN;LSZB;08:00;17:00;540
LSZB;ESKN;13:16;22:18;542
ESKN;LSZB;16:00;01:11;551
LSZB;ESKN;21:16;06:24;548
